U,R,L
https://github.com/aau-ros/aau_multi_robot/commit/af8a517e1cdaeb98f8f1aac31ef6ca5d4b8434cc
https://github.com/aau-ros/aau_multi_robot/commit/b3a4db1f42026342cf599cc8930b45be445f193e
https://github.com/aau-ros/aau_multi_robot/commit/ba22c0f52238381061c5e2d28e707dafc279f1f0
https://github.com/aau-ros/aau_multi_robot/commit/6a3a3785cac2e64be0bd0f88d08ff258435188f7
https://github.com/aau-ros/aau_multi_robot/commit/ced213515b881046df3ec8e04000c20072a15e75
https://github.com/aau-ros/aau_multi_robot/commit/22648d3833fdae16fe5f7315fa203e8392695a87
https://github.com/aau-ros/aau_multi_robot/commit/297421c79ab6504526aecd36fb80679c2202f8f2
https://github.com/aau-ros/aau_multi_robot/commit/a4acf91fb601faa27e1a8595da073443d445fd56
https://github.com/AutonomyLab/create_autonomy/commit/46bfbdf19fb33e73a1426815d2f7aece8a621c65
https://github.com/AutonomyLab/create_autonomy/commit/1ffa09c69b198074a3cf15dbe012370226426004
https://github.com/AutonomyLab/create_autonomy/commit/d7bffabe38a15935526a0a31380497e1d317e68d
https://github.com/autowarefoundation/autoware/commit/56c9e1786e649bcb15649c98af03404019491067
https://github.com/autowarefoundation/autoware/commit/ddc9eb90a73fe242f3711406c4c5a57f744837d1
https://github.com/bayesian-object-tracking/dbot_ros/commit/e16d792db8121b2a03b59a07ae98556432a2028b
https://github.com/BCLab-UNM/SwarmBaseCode-ROS/commit/63167eef4d8e8194aad89b1918dcb702eaa4d183
https://github.com/BCLab-UNM/SwarmBaseCode-ROS/commit/6eaf5ccb12839f2960284ca4131b34ae13cc2e7c
https://github.com/chrisl8/ArloBot/commit/a1ce8e830447b6166c04e646a2d1ee9712e0d29e
https://github.com/chrisl8/ArloBot/commit/0378a457b532a717428bf84c3d61f39b33c5f446
https://github.com/chrisl8/ArloBot/commit/58c3efc2808e01e84ad2d30d5eac5f7ff8f15f36
https://github.com/chrisl8/ArloBot/commit/8b8441cc81133b4d092396d148984a8dcf812777
https://github.com/chrisl8/ArloBot/commit/2c9258ee9108c8e301e9c47f96b21c03c066167c
https://github.com/CopterExpress/clever/commit/cf4c5a120bd2188a7dc7b4f2294dd913f548ba5c
https://github.com/CopterExpress/clever/commit/bcd88d6d4d515c1bdf14508ddcb4315e68021903
https://github.com/CopterExpress/clever/commit/cd34277c64539b8d1f7a07e7276e5c1b68a376c3
https://github.com/CopterExpress/clever/commit/67392a8f1e1037dac3a13598fa975dc6e0be9bb7
https://github.com/craftit/DogBotSoftware/commit/5e98c48a1dd2eb10b808cb621e3c6681e5b206d7
https://github.com/edinferno/edinferno/commit/1ecd3f6dbbf81fbb0b603e378e3465c169853fe4
https://github.com/elpimous/Neo_robot/commit/5b72116b98ebd99ae72cd7fb7ee8afa061992dd2
https://github.com/ethz-asl/asctec_mav_framework/commit/d49f0e9eacfad7e1b7af981ae4f7a9c82affb9e7
https://github.com/ethz-asl/asctec_mav_framework/commit/4a4609040daccccffd8c5fa9f2f3041aa63b2aeb
https://github.com/ethz-asl/asctec_mav_framework/commit/7e7550afff079f2e072e8800112deca7fc53dfeb
https://github.com/evocortex/optris_drivers/commit/0c80437dea6fabd3bbf6a9f875486332802892bb
https://github.com/fetchrobotics/fetch_robots/commit/b1445293704b1b026d377041b2d24c7f6a36e66e
https://github.com/fetchrobotics/fetch_robots/commit/4432ece5640efaefe03d56c2874fe0c186b50944
https://github.com/g/grizzly/commit/c8a611a5889afc9a0e4b22a664907bfa9b2888ed
https://github.com/g/grizzly/commit/b5eae08150cebeb5a8bf17850d2ff308b772275e
https://github.com/g/grizzly/commit/a3de858670acda1e548105f74737ee9a9e5cb992
https://github.com/g/grizzly/commit/81646772a66828703efa2c0a94c9c6f255fd4084
https://github.com/g/grizzly/commit/6a61878288b3dddc50cf0ef68a5ca3970cde99dd
https://github.com/inomuh/evapi_ros/commit/71847c464ae192c1c52e8bbb234a40e9a9359187
https://github.com/inomuh/evapi_ros/commit/a355cd6a4820df1c81b341c689da7371b4dc1f8a
https://bitbucket.org/internationalauto/auto_guidance/commit/2ae3fd3b1ba3ee526fbb90467c44b8513087046d
https://github.com/ipa320/cob_control/commit/b5a5062bac54847d28ab89a64474e4683a0ecec0
https://github.com/ipa320/cob_environment_perception/commit/e2936eec9c64a3d67ba25c60ae53b56d19b0f002
https://github.com/ipa320/cob_environment_perception/commit/fb82f1f58f70466b74ef2f1f4bd2415a17a81e2c
https://github.com/ipa320/cob_command_tools/commit/fa2e5480793e09b426331c16aa00a22c60568271
https://github.com/ipa320/cob_command_tools/commit/d91bae8dc2819e1a465cd1b1cf52b6ecb22ff6b3
https://github.com/ipa320/cob_command_tools/commit/db673ee236b6713e7e73869f8eb40ae0e8bf5b21
https://github.com/ipa320/cob_perception_common/commit/10aedf3bfa585e602fc3e124067dc635e2c71efa
https://github.com/ipa320/cob_robots/commit/a5c9a887d7a45a63f53aa4f05f43911c8729e3a1
https://github.com/ipa320/cob_robots/commit/45eeefe7a71d9722b35d3048143fd99200787b51
https://github.com/ipa320/cob_robots/commit/1f1bb83ee0225eaf45114cab756db938d45247c2
https://github.com/ipa320/cob_robots/commit/6648ba4ef47b8eec939e4e32966cb4c470813b24
https://github.com/ipa320/cob_robots/commit/f924b0fc366619ce825f459df645aee1a37ce56e
https://github.com/ipa320/cob_robots/commit/2c6f0c9470703a10de25b8b266cf57d3616ee1be
https://github.com/ipa320/cob_robots/commit/73af7b46f78a93741d8c230396b31ce30d178b52
https://github.com/ipa320/cob_robots/commit/a9266f9be614a20292ab3d8a57e8e036b60acabf
https://github.com/ipa320/cob_robots/commit/4fbda37b1333fd04dca37b912e7febbf557cf219
https://github.com/ipa320/cob_robots/commit/9aaed57c536faafc17090ed5c2a1be27616af535
https://github.com/ipa320/cob_robots/commit/3f214ae452a9a46726fd2ffa638cf3088b94942e
https://github.com/ipa320/cob_robots/commit/2576ba237f5dfd43b0fec90d2adf354b178f8a30
https://github.com/jhu-asco/aerial_autonomy/commit/f861c94c2557008386828e251c1dabf69dcba36e
https://github.com/jhu-asco/aerial_autonomy/commit/22f583c2dc304122cf28ac81074d326941d72c10
https://github.com/jhu-asco/aerial_autonomy/commit/56c740d2f0dc4b5a200a01316a351f7ead2527c6
https://github.com/jhu-asco/aerial_autonomy/commit/a5f9ca7080f30f1683081bc75153f8e18baf054e
https://github.com/jhu-asco/aerial_autonomy/commit/23597ad499b1025ddea1915a4cae899b3edf14db
https://github.com/jhu-asco/aerial_autonomy/commit/c1d07349ac8e879de3ba260cc24494567a3331a9
https://github.com/jsk-ros-pkg/jsk_common/commit/179ab3e90898c57715c5bcc6fc9372b89533312a
https://github.com/jsk-ros-pkg/jsk_common/commit/a63ced4051a95399ec6d1f0cb564f760092af147
https://github.com/jsk-ros-pkg/jsk_common/commit/dee622635bcaab46b8518bb4e31f328c2b54e0b2
https://github.com/jsk-ros-pkg/jsk_common/commit/046aca85dd1387cadc13f44c0725bae3111d1e93
https://github.com/jsk-ros-pkg/jsk_common/commit/0b6690df6adf1c94883b5399f961694866460d51
https://github.com/jsk-ros-pkg/jsk_pr2eus/commit/e34aacb7afdbbdf3c543bef95df3065858b7590e
https://github.com/jsk-ros-pkg/jsk_robot/commit/b97363a0db298ee2b9cfde6a1d4070a5659a833d
https://github.com/jsk-ros-pkg/jsk_robot/commit/d0ae8837d6ade9f263ed5bb96dbf4b90d409449a
https://github.com/jsk-ros-pkg/jsk_robot/commit/c4f1b2034eea26f16c2f160c15f3de0f05513e65
https://github.com/jsk-ros-pkg/jsk_robot/commit/0ce68037ff9c962ce2af56406673af13a0b35fdf
https://github.com/jsk-ros-pkg/jsk_robot/commit/1e52d21be4d1815a2be2b1a747f42e76e67685ef
https://github.com/jsk-ros-pkg/jsk_robot/commit/1f002d02335715f373a08b0bffb355bb5f4d6d7c
https://github.com/jsk-ros-pkg/jsk_robot/commit/bef80be6e9bbd071df257eb98ebe987f71cdedf1
https://github.com/knowrob/knowrob/commit/2a2b42a356fbdac8aecd10e4fd443630029254b4
https://github.com/knowrob/knowrob/commit/0f32ff2b589a3faa7596f9a5dc16838999aa10f5
https://github.com/kucars/haptic_teleoperation/commit/47f03ff156b02ff659613ee8b52d3ef09424f2b7
https://github.com/kuka-isir/cart_opt_ctrl/commit/baee14bdb4ccbf46621e4b5cbf47e814aa3f6f95
https://github.com/kuka-isir/cart_opt_ctrl/commit/bb2a91256af09290861ab7fea6d125a7a45467df
https://github.com/markusk/minibot/commit/1dc5a830652f422ab6744c36583300a888264e6b
https://github.com/markusk/minibot/commit/929f29eceb84524a03de177852403023524cde28
https://github.com/markusk/minibot/commit/501ba55bb6c93484ad6b44afaf47475070af084e
https://github.com/markusk/minibot/commit/a108e44ed47ec3e25ef8b16ab591466be3748fb4
https://github.com/mavlink/mavros/commit/08ae1cc15783a7b1b69cf2176079f5a2c6c88bd2
https://github.com/OUXT-Polaris/robotx_core/commit/e54f7583729c6be154a5ddbb54c9be266f5c6c7f
https://github.com/pandora-auth-ros-pkg/pandora_ros_pkgs/commit/6bc7232a38bc2fb353c8659ed988a4a174eb138c
https://github.com/pandora-auth-ros-pkg/pandora_ros_pkgs/commit/f3f28f219de42f1fa3536bc40e289e07d7dc72a8
https://github.com/pandora-auth-ros-pkg/pandora_ros_pkgs/commit/a4b496c966edafd5d28b91228b314de795ba2d4b
https://github.com/pandora-auth-ros-pkg/pandora_ros_pkgs/commit/7930fb11fe3f090b608faa889b6b6645f8a90a5e
https://github.com/pandora-auth-ros-pkg/pandora_ros_pkgs/commit/c5e6794b2ef06cb56f0d3d9083fe2f95feed7ef7
https://github.com/pandora-auth-ros-pkg/pandora_ros_pkgs/commit/38902da39da411be7c5abc776ef01a583145c754
https://github.com/pandora-auth-ros-pkg/pandora_ros_pkgs/commit/2d981a668f74fb43eb9af53d6ab981fd9006211e
https://github.com/pandora-auth-ros-pkg/pandora_ros_pkgs/commit/bca11c8df50c054b7292d76762e3d8fe8db1f2e7
https://github.com/pantor/ros-control-center/commit/becfb2e4123e15d8f00fa6d4edfe6667be018197
https://github.com/pantor/ros-control-center/commit/32eef4d274aae34f760512d437ae20e8d888e28d
https://github.com/pantor/ros-control-center/commit/6e847f1910f53a01893045d8ba3a4b1a62a95653
https://github.com/PR2/pr2_plugs/commit/ce6a0793645dde41941a1ef096f029b2aac0d12c
https://github.com/PR2/pr2_plugs/commit/37c1fa75d40d06551f8faefdd8def132b1dc4051
https://github.com/PR2/pr2_robot/commit/49b6649a38c81d9367c60b20c006334f978051bf
https://github.com/PR2/pr2_robot/commit/45993ea95b144ede43ddcd068882c65a75c34c7d
https://github.com/PR2/pr2_self_test/commit/cd1a834e36674672be6002364fc039df51025a84
https://github.com/PR2/pr2_self_test/commit/57a67418d77a30937986c92e9209bd925217fa2b
https://github.com/rapp-project/rapp-platform/commit/ddb1855558e9f481f2fd15b9c0a3f3f4162059e8
https://github.com/rapp-project/rapp-platform/commit/50c6a9a8a33b24533242cb92e2eb2791742c58c3
https://github.com/rapp-project/rapp-platform/commit/74a10ac7ee31efd3fcc406fc7cef6b446d4737ec
https://github.com/rapp-project/rapp-platform/commit/0175a154b91310e7db4e052e2007eb37ada2353a
https://github.com/rapp-project/rapp-platform/commit/a51e3247fbb8ad346def0b8598f8a10c4ee416a3
https://github.com/RCPRG-ros-pkg/elektron_robot/commit/8e81bcb77683b85b036914ae12e1dbc681b00a9a
https://github.com/RCPRG-ros-pkg/elektron_robot/commit/31a3929a9174faf9928b68ddd1cffe8c66815504
https://github.com/RCPRG-ros-pkg/elektron_robot/commit/cdae2d1158c4281aeb82da803968e37933cd2bad
https://github.com/RoboJackets/igvc-software/commit/d715608ec38ed87a47835a80c1cc1f5598216988
https://github.com/RoboJackets/igvc-software/commit/c957d7b1542c02f1be755b7c11ce5403e2e5417b
https://github.com/RoboJackets/igvc-software/commit/08ac3e9f813086547a4c27b57f0c9dfc8485d4bb
https://github.com/RoboJackets/igvc-software/commit/317000497182a2db67f03eea3419fccf66ca6d22
https://github.com/RoboJackets/igvc-software/commit/76decabe4342d3f716d3416cd1881961dcf93d70
https://github.com/RoboJackets/igvc-software/commit/c205798cfbad6f878b705aa63a4edbfc9fdc3dd4
https://github.com/RoboJackets/igvc-software/commit/0b0d48c140b24ec02fb9b79612a074fcedfb0544
https://github.com/robotican/lizi/commit/a86ef6fe4aa28034cca55b12e268a77efc6ac362
https://github.com/robotican/lizi/commit/12459940200771f8c926609d456c10b70019bb0e
https://github.com/ROBOTIS-GIT/turtlebot3/commit/5d9f848b19b093db61947a76562fa43087b44542
https://github.com/ros-industrial/motoman/commit/b957c4074d02897aa78f6443586741d70be3bdac
https://github.com/ros-industrial/motoman/commit/c367f27d1a5b23303c8044b9acbf6cae4d8c9f6b
https://github.com/ros-industrial/motoman/commit/0864f8c555e3e9e493a7db4f8fe1ecf06dcf8d67
https://github.com/ros-industrial/motoman/commit/68657f1b0c2b657ee1dd8010cf74f7ba27286296
https://github.com/ros-industrial/motoman/commit/bdd091fb8ddb12c8647c645b3a74a677dd920e62
https://github.com/ros-industrial/motoman/commit/1bbf3930c38688fb380ff8af5125e92cad530370
https://github.com/ros-interactive-manipulation/pr2_object_manipulation/commit/6666d1a9a1f483141befdb9d2d24a347dfaf1f28
https://github.com/ros/diagnostics/commit/effce4881580f64b9c201944572608ce544b6cd4
https://github.com/ros/diagnostics/commit/0566117a74a3bed78d4bd13fb025ab4d5d70f8c6
https://github.com/ros/diagnostics/commit/81d72d11b3b2a018b75046ef272fffeba649aca2
https://github.com/rosflight/rosflight/commit/9d6f3fae4c85e2180bb9e4be82f4635d74db2958
https://github.com/rosflight/rosflight/commit/742373ca3638f41e64f5b9172bb33c8f28ee7527
https://github.com/rosflight/rosflight/commit/ffb9d98e2ddf6c7595bee04ecf87da06414bc9ad
https://github.com/rospilot/rospilot/commit/5cac07dde5600f1fc6df0ceb6ebb83b242b7708c
https://github.com/RoverRobotics/rr_openrover_basic/commit/a38082f4fdfebbf1d311498faf1f00553939bbf2
https://github.com/RoverRobotics/rr_openrover_basic/commit/bd8607e5493ffeca49ce399270f608c9f233320d
https://github.com/RoverRobotics/rr_openrover_basic/commit/86697b0962f5b6f14d4ee854326a01c27d882423
https://github.com/RoverRobotics/rr_openrover_basic/commit/92f8894a44812c893d5dd6b9ba2fc886c70b96be
https://github.com/RoverRobotics/rr_openrover_basic/commit/f808ae55e1d76d3e784ed384bf37d41e652e39b3
https://github.com/sbrodeur/ros-icreate-bbb/commit/923d79f9d92c0e96278823931931a002c05bc81d
https://github.com/sbrodeur/ros-icreate-bbb/commit/dfd64de36499c0841b57a91016698ef320aeb91e
https://github.com/sbrodeur/ros-icreate-bbb/commit/6fccca0c95cf8a8c68a45bc7475b725c780d4353
https://github.com/seed-solutions/aero-ros-pkg/commit/6e4f32da7e48a25e1956b63273bf7d29e79544dd
https://github.com/sigmaai/self-driving-golf-cart/commit/18a9076da7065aeb7bcf04d42517dda5ab6aa6a9
https://github.com/start-jsk/rtmros_common/commit/94a46779e53867c17a3eb199a96fe9d4f63dd200
https://github.com/start-jsk/rtmros_common/commit/af72bee177c1d216f43d9cd9499c99a2319aad75
https://github.com/start-jsk/rtmros_common/commit/bb825b2910e0cef86ab26083d9f2f65528777851
https://github.com/start-jsk/rtmros_common/commit/d932c867a39570b867cfd375d7056e1eb0209c75
https://github.com/bluesat/owr_software/commit/c2c9eeb3c8b1b7d01322913c6ca993d8e47a2df6
https://github.com/turtlebot/turtlebot/commit/3f5fe1dc7042a1252551884002ebacb4cf675038
https://github.com/turtlebot/turtlebot/commit/26313943003a7dd0a91a75a4905dcaf63128aeb7
https://github.com/turtlebot/turtlebot/commit/a67ef5e821ca1d6b38aca521ed2bc8c40393b0a8
https://github.com/turtlebot/turtlebot/commit/d0747aba10ce83807dbeef2d66ac0736e60439d1
https://github.com/turtlebot/turtlebot/commit/cdd80421b266f736fc00bdf039776c205302733f
https://github.com/turtlebot/turtlebot_interactions/commit/3983e022ef9f3ea224e7aa2f9d6c6950e8308a4b
https://github.com/turtlebot/turtlebot_interactions/commit/c7078999e6b74179fc0ade4d70fca5d9c73fbea2
https://github.com/turtlebot/turtlebot_interactions/commit/1f06c5418f7b5ae8e678f92e6f053c50187886c5
https://bitbucket.org/udg_cirs/cola2_core/commit/cc8232297950606146d95933f950d7152ce8a32d
https://bitbucket.org/udg_cirs/cola2_core/commit/eb8e251aa973f5dfe70294a228ce8f820b784d05
https://github.com/uf-mil/NaviGator/commit/4d8214568bab9b89a55f3e4c660b91b2e6541a22
https://github.com/uf-mil/NaviGator/commit/d1fd036418ca79968805d612511daa1656872a0f
https://github.com/uf-mil/NaviGator/commit/766c70fa324775c6e45e310220dc8f21a47d0275
https://github.com/uf-mil/NaviGator/commit/11298869712e59cfa9fab57ab812733df043741e
https://github.com/uf-mil/NaviGator/commit/01c60f829b446c67ae08df17b31d60954c1af53f
https://github.com/uf-mil/NaviGator/commit/a53cf2b17c5ba29f5f4e5832723d7ebed102b592
https://github.com/uf-mil/NaviGator/commit/d53ee32622693f576d37675af26d4af0f36b82fd
https://github.com/uf-mil/SubjuGator/commit/fe330e97de5e3885a61f7a84d9e3e4fd69eca107
https://github.com/uf-mil/SubjuGator/commit/312cc00f02a185ec68935b9ef95e7795e22f80a9
https://github.com/uf-mil/SubjuGator/commit/4b886780fc893397663a67e19505609f31a2a8a6
https://github.com/uf-mil/SubjuGator/commit/ce13f06322c6af740262942c246cbaaa32a30c77
https://github.com/uf-mil/SubjuGator/commit/f98df42cdc6c963404902194bfb654d4df1640bd
https://github.com/uf-mil/SubjuGator/commit/d059d5130ab646cf555c992ddce14ba8628fd548
https://github.com/uf-mil/SubjuGator/commit/e6bb0214778b90fa25019e264a57eaa74c32cb04
https://github.com/uos/calvin_robot/commit/5344d41b2c0b7f5e216298c1f6ca5903a8cff1d9
https://github.com/utexas-bwi/segbot/commit/2be51bc63c8a451743dc20e2024e0fd3db9475e6
https://github.com/utexas-bwi/segbot/commit/d59261a1e3a2fa411cf4ec191e4f6db57e0f1f16
https://github.com/utexas-bwi/segbot/commit/d7a0a76e1f3752d32b29dd8da27e8dcbc14f09e1
https://github.com/utexas-bwi/segbot/commit/ff85e950ff106a0542f1907dc30482a59dd6f384
https://github.com/utexas-bwi/segbot/commit/d53dbcedc38174566149c244eeaa5d82550d4090
https://github.com/utexas-bwi/segbot/commit/ebbd1b8539a32bf7326e01198bdbc34efb09273f
https://github.com/uwreact/frc_control/commit/241910c3f2d85fccd326b10b9749f59cf67deb07
https://github.com/uwreact/frc_control/commit/eca2a911a8dcd7f93fb154e5f73f135a2a122cca
https://github.com/uwreact/frc_control/commit/deec6fe3c22c74d41b18887d9ab99336384cead6
https://github.com/vortexntnu/rov-control/commit/15b1b268a3ef94c300ca0ddb3e2aa562477948e0
https://github.com/whoenig/crazyflie_ros/commit/d4c957a5a869be3c448682ada887dd99c655c669
https://github.com/whoenig/crazyflie_ros/commit/e3e3f68793f91f331b1aaf10ed6dfae49b3f5745
https://github.com/whoenig/crazyflie_ros/commit/e9b330567c7501c11a285118d97444667b741734
https://github.com/youbot/youbot-ros-pkg/commit/766eb3bcf8077389346dca5d562f93672dc07a4f
https://github.com/youbot/youbot-ros-pkg/commit/55d86664339b50489b983d47bd6f674fdd442672
https://github.com/yujinrobot/kobuki/commit/11907495891d4b70d880355b7c010f7264cef429
https://github.com/yujinrobot/kobuki/commit/713511b1bd9a40caaed06587c50736bece5af956
https://github.com/yujinrobot/kobuki/commit/809882ebf9d02a291a43caa0e8d37b29899e15ae
https://github.com/yujinrobot/kobuki/commit/047cf4313b15bec75bfd8ec6662ea1311790d6f3
https://github.com/yujinrobot/kobuki/commit/c8f50d9521ac1f3c910a650637ec78b45f23ae29
https://github.com/yujinrobot/kobuki/commit/97b98e1caefc6c3c50673a14358a2d4199d80c32
https://github.com/yujinrobot/kobuki/commit/52ccb11ad4eb8bfee7e22e8ae1b28ec950c66eab
https://github.com/yujinrobot/kobuki/commit/96f4c892f0e1422b0515dcddf805cc9543c43d38
https://github.com/yujinrobot/kobuki/commit/8f0312c72d691c7fd617c37854b7baf54e449b55
https://github.com/yujinrobot/kobuki/commit/a07e935f19067d45398830085da0ffa122167bd9
https://github.com/yujinrobot/kobuki/commit/e34428db1df893b36e604f17156837af3ab380cb
https://github.com/yujinrobot/kobuki/commit/841720ab97e442a11ae30b7abdbef07150e56c97
https://github.com/yujinrobot/kobuki/commit/71a890bc15832917adb47de291ad70f55ab4069e
https://github.com/yujinrobot/kobuki/commit/df92cf9664e7500f017883e098055273fedd18c7
