ID,URL,Repo Name,Collection,Commit Info,Included,Notes
C0,https://github.com/aau-ros/aau_multi_robot,aau_multi_robot,Commits,"[{'af8a517e1cdaeb98f8f1aac31ef6ca5d4b8434cc': 'added new strategy which checks the battery state', 'b3a4db1f42026342cf599cc8930b45be445f193e': 'Robots now drive back to home when energy level is at 50%.\nWhen the energy level is ag', 'ba22c0f52238381061c5e2d28e707dafc279f1f0': 'add a function that calculates the the energy consumption\nand the traveled distance so far', '6a3a3785cac2e64be0bd0f88d08ff258435188f7': 'vert ""add a function that calculates the the energy consumption""\n\nThis reverts commit ba22c0f522', 'ced213515b881046df3ec8e04000c20072a15e75': 'Revert ""Robots now drive back to home when energy level is at 50%.""\n\nThis reverts commit b3a4d', '22648d3833fdae16fe5f7315fa203e8392695a87': 'Revert ""Robots now drive back to home when energy level is at 50%.""\n\nThis reverts commit b3a4d', '297421c79ab6504526aecd36fb80679c2202f8f2': 'Revert ""added new strategy which checks the battery state""\n\nThis reverts commit af8a517e1cdaeb9', 'a4acf91fb601faa27e1a8595da073443d445fd56': 'Revert ""added new strategy which checks the battery state""\n\nThis reverts commit af8a517e1cdaeb9'}]",,
C1,https://github.com/AutonomyLab/ardrone_autonomy,ardrone_autonomy,Commits,"[{'784df9925e18af0fde747f772ab61bf7cb05e08c': ""ding testing, I've flown with this for three batteries, with `fullspeed_navdata=true`, `looprate""}]",,
C2,https://github.com/AutonomyLab/bebop_autonomy,bebop_autonomy,Commits,[{'af94c6ab9ec4398f4d0137d8774cea46294b8e52': 'dundant IFrame wait test\n- [Tests] Fixed the battery test issue with Bebop 2\n- Tested with Bebop'}],,
C3,https://github.com/AutonomyLab/create_autonomy,create_autonomy,Commits,"[{'46bfbdf19fb33e73a1426815d2f7aece8a621c65': 'Add battery info support', '7a77eaa09d1136486c3e266992b337a574cfbc68': 'Merge pull request #9 from AutonomyLab/feat-battery\n\nAdd battery info topics', '1ffa09c69b198074a3cf15dbe012370226426004': 'Compute and publish battery charge ratio', 'd7bffabe38a15935526a0a31380497e1d317e68d': 'utonomyLab/charge-ratio\n\nCompute and publish battery charge ratio', '7c5c37626de356a0b0ca70cfb7138752e2505e55': 'Fix sign error for battery current and temperature', '8f3adbd3927aa8a48d0957fdeb26e1848b62bb58': ' AutonomyLab/sign-errors\n\nFix sign error for battery current and temperature', '44f2cd632e99b669e1c628f3db7fdf5dd6fa3784': 'Change message type of various battery info topics', '2d75df55f1b101887a107c05298701bf142eb9b3': 'Move ChargingState publisher with other battery state information'}]",,
C4,https://github.com/AutoRally/autorally,autorally,Commits,[{'200dae98ceeaac8e27c0fa995c98887bcc0e6144': 'icate whether it is synchonizing to a clock (green) or not (yellow)\nCloses #44'}],,
C5,https://github.com/autowarefoundation/autoware,autoware,Commits,"[{'d68fd3fe072377ecf05f3eccc50cf86077c81391': 'Create red and green lanes from waypoint_saver CSV', '3f0fb43382163b5a68fa566b638c9576c85c9f20': 'Merge pull request #510 from CPFL/create-red-green-lanes-from-waypoint-saver-csv\n\nCreate red an', '73d9c39ca562d1d2fcd726d6f9b4690b01d1939b': 'Publish initial light color as green', '4f10211ed784ae49cb9421d93e818bf8a0842c9f': '_light_color\n\nPublish initial light color as green', '56c9e1786e649bcb15649c98af03404019491067': '\r\n* Add bettery charge [%] topic -> /vehicle/battery\r\n\r\nSigned-off-by: Akihito Ohsato <aohsato@g', 'ddc9eb90a73fe242f3711406c4c5a57f744837d1': 'add battery charging state (#2256)\n\nSigned-off-by: Azum'}]",,
C6,https://github.com/AUV-IITK/Varun-Software,Varun-Software,Commits,[{'4816c6fcfef2debf346a77a83c9cc0b785133d21': 'added buoy green model'}],,
C7,https://github.com/bayesian-object-tracking/dbot_ros,dbot_ros,Commits,[{'e16d792db8121b2a03b59a07ae98556432a2028b': 'Updated tracked in object.yaml to impact_battery'}],,
C8,https://github.com/BCLab-UNM/SwarmBaseCode-ROS,SwarmBaseCode-ROS,Commits,"[{'63167eef4d8e8194aad89b1918dcb702eaa4d183': 'eeded for Swarmathon\n- Deleted rover_onboard_battery, _health_status, _mapping, and _path_planni', 'd5c719be923d032e49afa4aba2eb9703464a3781': 'Can now add a power law distribution of 128 targets to the simul', '891f565e8583a11fbb63db81d401d360f0fe5d4a': 'distributed and clustered targets as well as power law.\nCan now place up to six robots dependin', '6b2adf11b1bc959146a79a8db075a1b682f5f252': 'Changed red and green in the map to be color blind friendly (per K', '73de43cff99b4133b4e3c51b7a4ca049538c0210': 'ts and one cluster of 64 targets used in the power law distribution. This distribution was inco', 'b300442df02ea020fe740c7492ba896271a4db0c': 'Fixed powerlaw tag placement.\n\nThe powerlaw tag placemen', 'c02f30b695027de06baa755996f6f2d665c60b47': 'ore meaningful\nWeighted red twice as much as green in the color calculation. This makes the lab', 'b3beea3228c6b26beb3da0db0fcb8a2994c402d9': 'e default rover colour in the UI from red to green\nThis is in anticipation of using red to indi', '9d0f20bafba91cd7fea74e9568e373a505c8148d': 'disconnected rovers red and connected rovers green.\nI changed the code flow in the rover pollin', 'dd0cbd7280b9555aa452b6f416fab4952234c6ba': 'Bug fix: do not set diag UI colour to green on status receipt\nTHhe bug caused the color ', '03a3c0d643a7718ec2a90a65ea94d096cbf7fec4': 'Implemented power law distribution for single Cubes\n\nThe power', '8fac60ef4890614b1bd05fa0fe8544db0924801c': 'Added powerlaw example competition world', '6eaf5ccb12839f2960284ca4131b34ae13cc2e7c': ' Integral constant a little to help with low battery state and attempting to aline to a target b', '8c77ba068c60b382e73e0dda30a07928135a81d3': "" into sendDriveCommand resulting in constant power to motors but the rover wouldn't move. The ""}]",,
C9,https://github.com/chrisl8/ArloBot,ArloBot,Commits,"[{'a1ce8e830447b6166c04e646a2d1ee9712e0d29e': 'Added arlobot_safety package to monitor AC power on laptop and shut down motors if the ArloBo', 'e6c7829fcb5dcf236c8a6742361698a2cfba0718': 'Add code to Propeller to monitor power at motors.', '0378a457b532a717428bf84c3d61f39b33c5f446': 'messsages from arlobot_safety and add laptop battery level monitoring.', '58c3efc2808e01e84ad2d30d5eac5f7ff8f15f36': 'New files for replacing main power switch with relay.', '8b8441cc81133b4d092396d148984a8dcf812777': 'Rewrite Node (web interface) laptop battery check code to be faster and cause less load', '1300cfc6e90a844eb107dea4303d92c6515dbfbb': 't computer is rebooted, it will shut off the power first thing.', 'ac6d8d27fc29446d34c6b6863b307a416590efd3': 'Turn on USB power when plugged in.\n\nUltimately I decided again', 'cf4b5051dd62d7aec32a876a55018062d7e705b5': 'Require full power cycle of master relay on ROS startup.', '2c9258ee9108c8e301e9c47f96b21c03c066167c': ' issues with no LED, no quickstart board, no battery voltage monitor configuration.', 'f22817945c39ad59756146c8f91deb3b890a2816': ' issues with no LED, no quickstart board, no battery voltage monitor configuration.', 'ca7b113ecb6937727f9729228b2155353a740d5c': 'peed up repeat startups by checking if relay power is on\n\nInstead of always shutting it off fir'}]",,
C10,https://github.com/CopterExpress/clever,clever,Commits,"[{'cf4c5a120bd2188a7dc7b4f2294dd913f548ba5c': 'Create powerConnection.md', 'd546ade61e1b01243e3eb94416bc6ea9f72f5e8d': '\n- untracked notes/deck.md\n- untracked notes/powerConnection.md\n- untracked notes/testConnectio', '571c12061e1acc386809083379a4b28c0ad974b8': 'md\n- modified docs/modes.md\n- untracked docs/powerConnection.md\n- modified docs/radioerrors.md\n', '5dc580c76b02bd4e7e4b948f42419cbe6c8b2e8f': 'Create mount_batterycase.md', '3e9b7426bfd6f36a9f7ce737a816855cbd2d3edf': 'Create soldering_power.md', '0c2675ec28268f3b3b41d12ca48e6d1981b87102': 'Update and rename mount_batterycase.md to prepare_batterycase.md', '46932e4adfa7fc465a165c8a8c817ac7bcdec7f9': 'Rename mount_battcase.md to mount_batterycase.md', 'bcd88d6d4d515c1bdf14508ddcb4315e68021903': 'rc: fix low battery notification throttling', 'cd34277c64539b8d1f7a07e7276e5c1b68a376c3': 'mean soldering iron?)\n- l.82 ""disconnect the power and move yellow jumper to the other tweezer""', '67392a8f1e1037dac3a13598fa975dc6e0be9bb7': 'selfcheck.py: add battery voltage checks', '2d4e835089e42fd913c316a259cc7a4d7f177f35': 'gitbook: redirect from power.html', 'c711446e49d7fcf7dda627678f26cbcfad81c12c': 'docs: control of the drone by the power of thought (#158)', '35801346d9fd56f05539c26ae316815971733ebe': 'docs: add page for STL-models, add battery holder model', 'e293e543539d4fd76213313040fbcfe3754b1f75': 'docs: ignore battery_holder size', 'f0917347be851404f4d31c86dcdeac3e19794fdc': 'docs: replace link to battery_holder.stl', 'ef0f926a792e1c49dfd6e4cc15a0a754c09a71d5': 'docs: Add failsafe config link to power.md (en)'}]",,
C11,https://github.com/craftit/DogBotSoftware,DogBotSoftware,Commits,"[{'5110e6bfb85e0ff4e53742cca33f365d9116ad29': 'Fix sensor power control.', 'd4cdfaf34ff7c69bc5950fba4d87467c1c0b0c07': 'Try and avoid any movement on power on.', '50c060510b7787b50daa2b1220913e03a2e049e7': 'Add supply voltage calibration so we can set battery thresholds more accurately.', 'af5f333a359f5580b2610af912545ca0f0efe8ca': 'added help info for battery operation', 'a7120eedd74c8874f5fa00b1134b644384108611': 'fix for battery description', '5e98c48a1dd2eb10b808cb621e3c6681e5b206d7': 'Update for 6 cell battery voltages.', '71b1937f6c66a49d6e536a1dc8ab5672d3c2cf99': ""Don't allow a powerup from ready.""}]",,
C12,https://github.com/duckietown/Software,Software,Commits,"[{'f3567a8314f03152683bcc0540e82ff7a3e41a52': 'updated no road zone as green as censei requested', '5ad8f3578d6163b12152c23500a1efe16637d409': '[dp45] traffic light, changed red and green durations', 'bbd532c12096084941d704d104dde4727c576091': 'modified coordination algorithm adding green signal'}]",,
C13,https://github.com/edinferno/edinferno,edinferno,Commits,"[{'1ecd3f6dbbf81fbb0b603e378e3465c169853fe4': 'er class, publishes if Nao is un/plugged and battery charge'}]",,
C14,https://github.com/ekumenlabs/tangobot,tangobot,Commits,"[{'4a9053b88c3bb3f8fecc07901ce5599071c170bb': 'Adding battery publisher node\n- It has to be split into tw', '929699a067545c2d488d94dcd2b704eafe50b356': 'Splitting battery publishers into two nodes', '63666bb82315c7fb0f88076c1e898dc47659a2fc': 'e pull request #127 from jubeira/dev/publish_battery\n\nPublishing robot and device battery'}]",,
C15,https://github.com/elpimous/Neo_robot,Neo_robot,Commits,[{'5b72116b98ebd99ae72cd7fb7ee8afa061992dd2': 'A package with energy vocal alerts.'}],,
C16,https://github.com/EndPointCorp/lg_ros_nodes,lg_ros_nodes,Commits,"[{'19b093826baf50a1ca45816bb33743824f97aaa6': 'gging done... Longer sleep needed\n\nTests are green', 'ca3cb15d680e58baaf0e358da59dbe99aa0e1c4e': 'KMLSync - test are green! yay!', '7ec8d995a384d62c4ab261f6c79581538ba151e2': 'KMLSync - test are green! yay!', '724268a810aa78dca0f4274a3d26739db1fbcfd6': 'mlUpdateHandler timeout time.\n\nAll tests are green again.', 'd152adb27b5c5b80c6d5ae28c60d733a54ca83b2': 'Tests are back to green again\n\n* Removed the last test we added to c', '7b3fcb386ef61b415d5bd89012108fb47899dc16': 'm EndPointCorp/issue/27\n\nMerging - tests are green', '0108b1703a54f82d85514a90c2bbea5c75f7b8c0': 'Make tests go green, I hope.', '36dc71a36eadadf3cba2f65e7859021fe7834905': ' to testing suite of lg_mirror to make tests green again', 'd66bb905e33b213c143f4a2d207196544d57549e': ' to support)\n- amended tests slightly to go green', '1ef691a9453d9568e993c6a8d00a47982ac90cb5': 'image_viewer: pqiv and feh\n\nOur powers combined!'}]",,
C17,https://github.com/ethz-asl/asctec_mav_framework,asctec_mav_framework,Commits,"[{'123995f99b89657c8571cf3b4c538d674d4317cb': ""ab files for ekf propagation code generation\npower of 2 is currently matlab's generated functio"", 'd49f0e9eacfad7e1b7af981ae4f7a9c82affb9e7': 'made battery warning voltage adjustable', 'b5e2559ddb05c3408840383e39bd74857b31e0fd': 'fixed conflicts after merging battery_voltage warning', '4a4609040daccccffd8c5fa9f2f3041aa63b2aeb': 'added battery warnings to rosout', '6829303ba08d1f8a7e76c3037948a654a4e5dd37': 'fixed stupid beginner mistake for battery warning level', '7e7550afff079f2e072e8800112deca7fc53dfeb': 'adapted buzzer and main to have the battery warning voltage adjustable'}]",,
C18,https://github.com/evocortex/optris_drivers,optris_drivers,Commits,"[{'0c80437dea6fabd3bbf6a9f875486332802892bb': 'ed features:\n- box, flag, chip temperature\n- energy and temperature mode\n- force flag trigger'}]",,
C19,https://github.com/fetchrobotics/fetch_robots,fetch_robots,Commits,"[{'b1445293704b1b026d377041b2d24c7f6a36e66e': 'Ensure robots power off safely when instructed to\n\nAlso:\n- Fix r', '4432ece5640efaefe03d56c2874fe0c186b50944': 'Update wifi power management disabling', '3da295930fb1af4071344ed62cb2ab7c27ef4cff': '[Changelogs] update 0.8.2\n\nThere was a green build on build.ros.org', 'ef7e821f18b5daf7d5d6f917c2f97e1aae8f49a4': 'Add explicit power button behavior\n\nThe mainboard on Fetch robo', '3be906aaee084503ab494f5c3e854859ddc74760': 'Merge pull request #49 from erelson/poweroff\n\nfetch system config improvements (v0.2)'}]",,
C20,https://github.com/fkie/multimaster_fkie,multimaster_fkie,Commits,"[{'9b7537f84739ed58894cdc6e8cb2b19b389cc29c': 'node_manager_fkie: added poweroff command to the host description', '38e82ad9a8c992a87377c7b62538dcb2da1761f1': 'ger_fkie: stop /master_discovery node before poweroff host to avoid timout problems', 'b0f6abe3a9158243c7679767b29468d9897e66b9': 'node_manager_fkie: fixed poweroff host'}]",,
C21,https://github.com/florisvb/multi_tracker,multi_tracker,Commits,"[{'df88568f38bf3ef6dd76c4d78d30474deccab852': 'iation, draw wrong sized objects in red, not green'}]",,
C22,https://github.com/g/grizzly,grizzly,Commits,"[{'c8a611a5889afc9a0e4b22a664907bfa9b2888ed': 'energy changed to 25 hz', 'b5eae08150cebeb5a8bf17850d2ff308b772275e': 'Added dead reckoning and energy estimation nodes, fixed up fan control, faul', 'a3de858670acda1e548105f74737ee9a9e5cb992': 're-route energy reading to mcu/energy', '81646772a66828703efa2c0a94c9c6f255fd4084': 'energy node changed to only use user voltage at sta', '6a61878288b3dddc50cf0ef68a5ca3970cde99dd': 'Reduce frequency of energy publication'}]",,
C23,https://github.com/gtagency/buzzmobile,buzzmobile,Commits,"[{'9fda6b6d13f92b496da11d7c43e89be3043610ac': 'rned, anything beyond that will require more powerful\nstiff or some personalization.\n\nAlso yiel'}]",,
C24,https://github.com/IFL-CAMP/iiwa_stack,iiwa_stack,Commits,"[{'b6a8796d29259fd6663c6f8860184e27abd87da9': 'Use powers of 2 for decimations', '108b42682b19d01aa3a8d0dd30f79b4424f78a50': 'rom sven-hoek/development\n\nPublish state of (green) Media Flange button.'}]",,
C25,https://github.com/inomuh/evapi_ros,evapi_ros,Commits,"[{'96aff7c29aa2d870bfa63916c9eec6bfb17ed0f9': 'update dependencies for teleop and battery package', '71847c464ae192c1c52e8bbb234a40e9a9359187': 'add voltage and battery msgs', 'a355cd6a4820df1c81b341c689da7371b4dc1f8a': 'add battery sensor'}]",,
C26,https://bitbucket.org/internationalauto/auto_guidance,auto_guidance,Commits,"[{'2ae3fd3b1ba3ee526fbb90467c44b8513087046d': ' follow one path\n\nToDo:\n- error_codes, stop, battery_level\n- several paths'}]",,
C27,https://github.com/ipa320/cob_control,cob_control,Commits,[{'b5a5062bac54847d28ab89a64474e4683a0ecec0': 'the new powerchain implementation with slight modification'}],,
C28,https://github.com/ipa320/cob_environment_perception,cob_environment_perception,Commits,"[{'9c644c689393934895a7185e304f43b5418ab2d2': 'renamed msg + added energy value, encoded as XML', 'd58fc0b050f5f34b9e2742e194c347fa0301309f': 'renamed msg + added energy value, encoded as XML', 'e2936eec9c64a3d67ba25c60ae53b56d19b0f002': 'introduced energy factor', 'fb82f1f58f70466b74ef2f1f4bd2415a17a81e2c': 'changed energy_order'}]",,
C29,https://github.com/ipa320/cob_manipulation,cob_manipulation,Commits,"[{'93fca832339e70d96b5672c6d4c61b6592622867': 'powerball changes', '6dae233f86e082bb2db3d79d3275a275c8aaa549': 'powerball changes', '28834b9b1f5ec741541e5d1153c2e563f8d4f63d': ""ic_dev'\n\nConflicts:\n\tcob_manipulation_config/powerball/collision_map_sources_kinect.yaml (solve""}]",,
C30,https://github.com/ipa320/cob_command_tools,cob_command_tools,Commits,"[{'a548132e07a44e139255b11f0d3c6bb363c9af21': 'version of powercubes with trajectory controller', '86c91143314fe0d24fdb53ae9f003e1452004698': 'changes on powercube chain to accept direct command without a', '09cc53dbb176fc0cc0f2c1db83f0b1147f560d86': 'source documentation for cob_powercube_chain and cob_sdh', '80d89c3302fc54ae79c608acce0642b0aa5ffafd': ""Merge branch 'master' into powercube_restructure"", '60c1ec0364496ec208ed6b3f960dcf908168f5e9': 'cy stop message: misused wireless field from power_board/state message as scanner stop filed', 'fa2e5480793e09b426331c16aa00a22c60568271': 'enhanced battery monitoring', 'd91bae8dc2819e1a465cd1b1cf52b6ecb22ff6b3': 'cob_battery for dashboard', 'db673ee236b6713e7e73869f8eb40ae0e8bf5b21': 'Update battery_monitor.py', '9a16b285fd8df83b105caa23a90937780fa2eda4': 'use aggregated power message', 'e0b0f37aca14dd6d3c1b7184d442bbb8708c1867': 'ge pull request #129 from ipa-fmw/aggregated_power_message\n\nuse aggregated power state message', '8f7d7a3f09b3bbe2d7a48126af021ac4ff13bce5': 'use cob_lights track_id in battery light monitor', '1936a73f2a06f07dabcfb514d92098995d67d0dd': 'Merge pull request #130 from ipa-bnm/feature/battery_light_mode\n\nshow charging progress on led r', '23bf0b751b213e3bd4bacf3697d956b43a45cf81': 'add say output to battery_light_monitor', '1edb801c2ea3ba5f86d34ae4b7ef24e71fb570d1': 'combine battery_light_monitor and battery_monitor', '32f36779e57a641e403456ea1cfa859cc10f7d81': 'configurable battery thresholds', '82341e249b3ee1a0d6ab1db0a21b4e55f8b312fb': 'stop charging mode if no more power_state msgs received', 'dfabba724bfa5a4f788cd23c6a6320ce6eca55fe': 'battery_light\n\nstop charging mode if no more power_state msgs received', '0cbee51b505389b6e38bf73e10c790014e7665df': 'Merge pull request #150 from ipa-bnm/fix/battery_monitor\n\ninit light mode object', '5264116cd24dcc24e0db34fe67ab5bb1756f35a5': 'increased battery_monitors led prio', 'e5087edcca557b53d0280231f0c890c09d0609db': '153 from ipa-bnm/feature/led_prio\n\nincreased battery_monitors led prio', '42942b49d619e4150189651e6e502d16caa15d6d': 'allow to configure battery monitor notifications', 'f56446a231d5d914ee4edb74229234fd804b6790': 'fix format of battery minutes', 'd7059772c2ffbe35017d7719c1d0a34c57c0061b': 'annesBachter/fix/batt_tooltip\n\nfix format of battery minutes'}]",,
C31,https://github.com/ipa320/cob_navigation,cob_navigation,Commits,"[{'a548132e07a44e139255b11f0d3c6bb363c9af21': 'version of powercubes with trajectory controller', '4a52b5ae956ab36072bcb592a0126636aa727603': 'changes on powercube chain to accept direct command without a', 'b1f309d3496c41afa5e364d19ff044a71194ab71': 'source documentation for cob_powercube_chain and cob_sdh', '040fb141cad14149be139956d14c9533b57552a6': ""Merge branch 'master' into powercube_restructure""}]",,
C32,https://github.com/ipa320/cob_perception_common,cob_perception_common,Commits,"[{'10aedf3bfa585e602fc3e124067dc635e2c71efa': 'renamed msg + added energy value, encoded as XML'}]",,
C33,https://github.com/ipa320/cob_robots,cob_robots,Commits,"[{'2e7a84470f03b9f3348bfa4ea3ec2635e6be98e9': 'ons for tray and torso config to support new powercube chain structure', '42f9e3a75736fe5c22f2294080a411747c4cf31c': 'working parameters for powercube_chain on cob3-5', '81dfeff0868a6469fc6ba771f79047860ea9fa0a': 'added launch files for battery board', '5ed2b9db4867c39487a6c4c85f20c3b468a06929': 'Urdf and parameter files for tray_powerball', 'a821a4ee9fa077df8cd8eaa986c4c8ab1aee96fa': 'add config for emergency and battery monitor', 'a08a34f64a8bac1e4e23beef1ee7eba54fc7408e': 'changes to include tray_powerball', '65f96aacf9a0e8396ad1ad88e4ba2202d94be33e': 'add battery and emergency monitor for cob3-6', 'a5c9a887d7a45a63f53aa4f05f43911c8729e3a1': 'enhanced battery monitoring', '9736963c20297d6523a5d9db95c149e32d55a466': 'using powerball tray for cob3-6', '20f1c71741187774f08cbbe510c04838ec8ec5ab': 'Added test for tray_powerball', 'e998489f60ac055f709303653ab5cbde89f5125d': 'substitute tray_powerball and pike camera in related tests', 'ec7a717caa014ff6098df608f92635f360048ee4': 'adapt tray configs to new tray_powerball urdf', '21dbd0a5574dd1d331b7a670149290d67ffac129': 'm/groovy_dev\n\nadapt tray configs to new tray_powerball urdf', '21369691900d986566ffd3e0c98de049c81549ef': 'Added powerball tray', '08dae77727c696f1fad497c9124ca21a964884d4': 'fix powerball launch file for tray', 'e11930ad337bea969d29d50cb01c92274c4e3ed5': 'Fix tray powerball positions', 'd798fdd9f4bde1573313f04de9349f7b535e58e2': 'Fixed tray powerball', '23b2ea7020318b7ed7942d03f6caa0a24f3c1b47': 'support powerball head axis on raw3-3', 'b34bcf30107857b776af019fd09c94bbd3d233e3': ' abubeck/groovy_dev\n\nSome changes for raw3-3 powerball integration', '9b0dc77defa41c7c233ee91e5f0f9a6065b823ae': 'changes on raw3-3 to get the powerball tracking running', 'c9f3e0551e7d05b643cf737cdda3e0454babee7f': 'added torso powerball to robot config', 'f639622a26f0d5486736043d39a19aaee9d791b9': 'added calibration stuff for torso powerball', '45eeefe7a71d9722b35d3048143fd99200787b51': 's://github.com/ipa320/cob_robots into raw3-5_battery_voltage', '1f1bb83ee0225eaf45114cab756db938d45247c2': ""Merge branch 'raw3-5_battery_voltage' of github.com:iirob/cob_robots int"", '6648ba4ef47b8eec939e4e32966cb4c470813b24': ""' of github.com:iirob/cob_robots into raw3-5_battery_voltage"", 'f924b0fc366619ce825f459df645aee1a37ce56e': 's://github.com/ipa320/cob_robots into raw3-5_battery_voltage', 'a2b1f5edc852b88c13a74a3f1fad11a27804852c': 'changed name relayboard to powerboard', '2c6f0c9470703a10de25b8b266cf57d3616ee1be': ""Merge remote-tracking branch 'origin/raw3-5_battery_voltage' into update_raw3-5"", '73af7b46f78a93741d8c230396b31ce30d178b52': 'added battery light monitor to cob4-2s bringup', 'a9266f9be614a20292ab3d8a57e8e036b60acabf': 'added battery_light_monitor launch to cob4-1 bringup', '4fbda37b1333fd04dca37b912e7febbf557cf219': 'added battery_light_monitor config', '9aaed57c536faafc17090ed5c2a1be27616af535': 'load battery light config to param server', 'ac2ed4b905805c2c3fa857203df3bf3625a9a2dc': 'start battery_light_monitor on raw3-3 bringup', '2522801d85d521bce80933dad225a2a68bc7c707': 'remap battery_light_monitor topic and service name', '0d494d2530b5e531de68edc93ff1f3f623f2b486': 'al for new phidget board + sensor naming for battery_light_monitor', 'bf741aca397fdf5d4d6f2c11a824f43db059592d': ""Merge branch 'indigo_dev' into feature/battery_light_mode"", '3be2f10ad7eb13d4ff158c6ed42a7f89a1797fd3': 'f github.com:ipa-bnm/cob_robots into feature/battery_light_mode', 'a07bbbf8177072d1897bdc29d3222be0ca555d2e': 'of github.com:ipa320/cob_robots into feature/battery_light_mode\n\nConflicts:\n\tcob_bringup/robots/', '1dcabb8bf0f738d17cdb412b758fcc2431fe1c94': 'readded batter_light_monitor to cob4-1 bringup', '31d9b4cdd532bb81386ccb330e015e1505791d1a': 'Merge pull request #404 from ipa-bnm/feature/battery_light_mode\n\nadded battery light monitor to ', 'c55a0cf7e14b38977dec68b52d8ce2313bb11fc1': 'unify battery_monitor and battery_light_monitor', '24d9ddb0d4595ccd7d3520115f1b20ab24a2828d': 'configurable battery thresholds', 'd56416879069d65eb0c5f5dd7abc6f1fcba9bbe9': 'disabled battery monitor sound/light and emmonitor sound', 'c9d8b685d4f956c6502328e1a081aa3606cd4ec9': 'pa-bnm/feature/disable_sound_light\n\ndisabled battery monitor sound/light and emmonitor sound', 'c3af22e7ac29ac913482097a60a5be54e11a9568': 'removed bms launch + added power_state from phidget launch', 'd78cf5a8e05b9fbaf773653b5938cc79a290bffe': 'moved power_state phidget driver to extra package', 'cb8ed17f2bb762b0a76a55253c936d93096eddcf': 'Merge pull request #42 from ipa-bnm/feature/powerstate_from_phidget\n\nFeature/powerstate from p', '2cb3eb4400c6563cfe808297ac9770aece71511f': 'Merge pull request #498 from ipa-fmw/feature/powerstate_from_phidget\n\nFeature/powerstate from p', '05e19548407219aa80dbca1277910668e262dcf1': 'enable light in battery monitor', '6c0099c4e0aba99d4995a3ae3be3a4bb07e3e6d8': 'adapted num_leds for battery_monitor', '4aca3fed037f6e2b2df0baf6b04abe2cf9bea9a3': 'Merge pull request #512 from ipa-bnm/fix/battery_monitor\n\nadapted num_leds for battery_monit', '3fe98395b9a9211d7fd3932c373cb2a622a2a3bd': 'onflicts:\n\tcob_hardware_config/cob4-2/config/battery_monitor.yaml', '56ef8209728979697dcb07a7c2b19bc630a5b2e8': 'disable sound for battery monitor', 'f2e7aecd52b50210a55210fb38eb9f026b0eb514': 'use powerstate from phidget node', 'c391d0dd79beefb55f84374e2561843ee8eb4fdd': ""Merge branch 'feature/power_state' into feature/em_state_phidget"", 'ef5de98f92625a18d46b3300de66d468b302ee27': ""Merge branch 'feature/power_state' of github.com:ipa-bnm/cob_robots into"", '24d4f0e4f9b946fdb1f75ce9c89babb8753efb72': ""Merge branch 'feature/power_state' of ../cob_robots_power into feature/e"", '608f4114ce46cfc1de92631140d2e033fcce809b': 'Merge pull request #520 from ipa-fmw/feature/power_state\n\nFeature/power state', '61ea6a4ab11344466b82333a28c927b7dc54eb80': 'fix powerstate full voltage', '40fd5e300e75d5f82fb4f06293c024f360a0910b': 'added ur10, phidgets, battery monitor, em monitor to robot bringup for ra', '52e05948aeb1b974bd60c2ea470a9e53845c84e3': 'added fake power state publisher in order to support simulati', '434ba36be49d6bd974723efbf00220cecf3ad82a': 'ull request #1 from ipa-fxm/feature/use_fake_power_state\n\nfix indentation', 'cdba19b5633bd05a005a209ce2e778138be6e9ac': 'request #610 from souravran/feature/use_fake_power_state\n\nadded fake power state publisher in o', '3f214ae452a9a46726fd2ffa638cf3088b94942e': 'changes for using fake docking and power usage', '2576ba237f5dfd43b0fec90d2adf354b178f8a30': '_docking\n\nchanges for using fake docking and power usage', 'e4e0e4bb2ec0cea954171ffac805eae39ad19278': 'ge pull request #623 from ipa-jba/fix/raw3-3-power_state\n\nchange u_max to meet the measured val', '28bd59948e9af0b51786b605c974956985bf7203': 'actuate powerball via canopen', '5eb45d5e13487be3ba6beeedd983bcd5ed8d09b2': 'Merge pull request #708 from ipa-fxm/feature/powerball_raw3-1\n\nFeature/powerball raw3 1'}]",,
C34,https://github.com/ipa320/schunk_robots,schunk_robots,Commits,"[{'d1eb25f3d28e7814364895349ead5a121bda94b8': 'New model schunk powerball', 'ae1ab3af317a839ad56406b7586c72612dfd716d': 'New model schunk powerball', '2a17049000f9be5a057827b56e49561554539eac': 'New powerball model', '7ba484e3f9498891654654cfdab11122d57d3225': 'adaptions for powerball', 'de7b374f620c65359904e43187e5796a7b653bb2': 'New mesh files for powerball', '6be12ebfffa7a8d0be1d608bb669f073e3d26539': 'Redefine powerball offset', 'c00e1773cf5dd18c0a83cc574c4afb5d3cedb8f2': 'rom ipa-nhg/master\n\nNew offset in z axis for powerball', '9b5ef8b92b35ab0760fe96c980967f3b296016ca': 'powerball', '2d907daec4cb12df54067c6393ef3f6f18ebec5a': 'changed powerball launch file', '15076be5b1083aa26bde7b2abeed2ba324a2837f': 'fix powerball urdf', '7a050217f46687d56f66a743c48ade0ca61246ec': 'e pull request #4 from ipa-nhg/master\n\nFixed powerball urdf model', 'a4451a9f285ab72af0869570ff6ffd7ab9235695': 'updated powerball.launch', '25b2545108f7154c0cd52fcf6ca75f131de9ad4a': 'changed powerball YAML files', '713c0897d4ba7e007da95c9c65ba1617b70f60f8': 'pull request #6 from ipa-tys/master\n\nUpdated powerball launch and yaml files', 'a0a79a8fc86f1c3de70c0bcb2217d1621b39a2dc': 'cleanup powerball yaml files', '838895bc6d52cb4c6daab084fc5e8c4de5efa802': 'Deleted the powerball files'}]",,
C35,https://github.com/ipa320/srs_public,srs_public,Commits,"[{'ef410ca7b18addb02561263a54d4bc1ff06f6eae': 'position update: pizza box nav1, green tea removed in nav1'}]",,
C36,https://github.com/irvs/ros_tms,ros_tms,Commits,"[{'a1d1502b637b5a9045f834df64f94b6a55e08a6c': 'change the order of call serpower function', '59ca621e6147bafcda45c2e039b0b57f5d41745d': 'm irvs/issue109\n\nchange the order of call serpower function', '3c7ae65570f8a5f5d1f5f37db1aa6626481daa7f': 'added new features to check servo on and power on', 'a89c6e17bc0201b7fb296ec3a253fd5c22e4ab6a': '21\n\nadded new features to check servo on and power on', 'a0267b4645f4d773a7a038c42925f39cbd8d5f94': '[add] greentea_bottle,cancoffee,soysauce_bottle_black bu'}]",,
C37,https://github.com/jhu-asco/aerial_autonomy,aerial_autonomy,Commits,"[{'f861c94c2557008386828e251c1dabf69dcba36e': 'f, position control\n\nWhen taking off, if low battery, should try to land\nWhen reaching goal, if ', '22f583c2dc304122cf28ac81074d326941d72c10': ' is closed\nIt also generates a land event if battery is low', '056076686b747f385b6a0d4f01b41f366cfbd911': 'tors for arm system\n\nArm functors consist of powering arm on/off, moving arm\nto right/fold conf', 'c752de38b4a05d09d524c8729a4a3862d689ecb2': 'Add poweron, poweroff events for arm in manual control', '81db4f3ce159ece539400f25abb6edc133861353': 'equest #72 from jhu-asco/add_arm_events\n\nAdd poweron, poweroff events for arm in manual control', '8979b0064f830ff94394d7c626ad7ec222aa8af4': 'Abort instead of Land when battery is low', '56c740d2f0dc4b5a200a01316a351f7ead2527c6': ""Merge branch 'master' into remove-low-battery-land"", '60cd297e8ca79570240dc817f843d7cab1539e88': ""Merge branch 'master' into remove-low-battery-land"", 'a5f9ca7080f30f1683081bc75153f8e18baf054e': 'ge pull request #87 from jhu-asco/remove-low-battery-land\n\nAbort instead of Land when battery is', '23597ad499b1025ddea1915a4cae899b3edf14db': 'grator to xy in rpyt vel controller, reduce battery percentage', 'c1d07349ac8e879de3ba260cc24494567a3331a9': 'grator to xy in rpyt vel controller, reduce battery percentage', 'eb9a8133e00c742c97d697fa24b2c1ae7fc0e3f5': 'Enable arm power, fix launch file', 'c81499271bb4621871cf8a74e5d73812bf66e5b2': 'permute function added. power function for int added. names of member vari'}]",,
C38,https://github.com/jhu-dvrk/dvrk-ros,dvrk-ros,Commits,"[{'57c2eb3fb749285afc019d3f13776c963b8f09c6': 'utorial files in separate directory, updated power_on and power_off examples to use module', '30f5cb8a764fd16946aa59a391df86bd975e9078': 'dvrk_python: added console class with power_off/home/teleop_start/teleop_stop/teleop_set', '89f624435786af4f1ba2a126ca0110366e04b873': 'Added topic to power console on, updated Python/Matlab wrappers'}]",,
C39,https://github.com/jitrc/eklavya-ros-pkg,eklavya-ros-pkg,Commits,[{'8732859761df75f599b0cac0063eff0052525a3e': 'powerful laser'}],,
C40,https://github.com/jsk-ros-pkg/jsk_common,jsk_common,Commits,"[{'179ab3e90898c57715c5bcc6fc9372b89533312a': 'add battery full capacity summary script', '96cf472297e8c952a4a4637bd59fcf3a774b7ffd': ' request #618 from aginika/add-full-capacity-battery-summary\n\nadd battery full capacity summary ', 'a63ced4051a95399ec6d1f0cb564f760092af147': 'add hardware id tp battery capacity', 'ccf12b8cbc6b7ea5da99adff9846a8a13e4612ae': 'request #626 from aginika/add-hardware-id-to-battery-summary\n\nadd hardware id tp battery capacit', 'dee622635bcaab46b8518bb4e31f328c2b54e0b2': '[jsk_tools/bin/battery_capacity_summary.py] more battery info', 'b4d05b37c8c57039293be3f301295d94f936f6c4': 'Merge pull request #1329 from furushchev/battery-info\n\n[jsk_tools/bin/battery_capacity_summa', 'f27de649984b67957854a43a68c8cf6b7ecedd7a': '[jsk_tools/bin/battery_capacity_summary.py] print N/A for non avai', '17472e43e2e8c25fbd0af908964a20d2a9c8e685': '342 from furushchev/print-na\n\n[jsk_tools/bin/battery_capacity_summary.py] print N/A for unavaila', 'ad38c893ae0161f5ae2db273b53516e1f3e5576d': 'battery_capacity_summary.py: fix order of columns', 'd965ae9f0ea0c592ea583838e788dd46448188a1': 'equest #1619 from furushchev/fix-batt-order\n\nbattery_capacity_summary.py: fix order of columns', '046aca85dd1387cadc13f44c0725bae3111d1e93': 'Show unit of full/remaining capacity in battery_capacity_summary.py', '0b6690df6adf1c94883b5399f961694866460d51': 'Show voltage as well in battery_capacity_summary.py', 'c689a8e90e7b68b0ce6bb10681a380023ae5758c': 'Fix output format in battery_capacity_summary.py', 'c835cb41aae2d506e3ac5a21e151b3094e5cfb3b': 'mi/show_voltage\n\n[jsk_tools] Show voltage in battery_capacity_summary.py'}]",,
C41,https://github.com/jsk-ros-pkg/jsk_pr2eus,jsk_pr2eus,Commits,[{'e34aacb7afdbbdf3c543bef95df3065858b7590e': 'modified time-limit for low power PC'}],,
C42,https://github.com/jsk-ros-pkg/jsk_robot,jsk_robot,Commits,"[{'865b9e37bb6f4084bce37c17244bc2720c0eda77': 'add script to visualize pr2 battery', 'aeef593135bb8bd5f6cf1883d2cdb3c4e1750028': 'Merge pull request #34 from garaemon/add-battery-visualization\n\nadd script to visualize pr2 ', '621edf45ca99aae8cee48172c8f17a89aa6d1e79': ""ool's utility programs to reduce computation power instead of\ntopic_tools mux/relay/throttle"", 'f0c624515a5c7a173a9e295752f7c9fa628335e6': ""ool's utility programs to reduce computation power instead of topic_tools mux/relay/throttle"", '2bb138e811ccfcbf7379644e151a21bb00f369dc': 'ool\'s utility programs to reduce computation power instead of""\n\nThis reverts commit 621edf45ca9', 'b97363a0db298ee2b9cfde6a1d4070a5659a833d': 'stop base when power cable plugged', 'd0ae8837d6ade9f263ed5bb96dbf4b90d409449a': ""Speak the remaining percentages of the battery if it's not charged"", 'b075dc9ce3def7058a1f14651cb89150b90335ce': 'Merge pull request #106 from garaemon/speak-battery-remaining\n\nSpeak the remaining percentages ', '1b684dbe3045cbd72cb49e70aa007b3a20c6bc25': 'Merge pull request #298 from furushchev/more-battery-warning\n\n[jsk_pr2_startup] warn more detail', '627a6129d99888536a03d656a982f3bc72700ea9': '[roseus_remote] add server powered by roseus', 'c4f1b2034eea26f16c2f160c15f3de0f05513e65': 'speak the percentage of the battery with min charge', '0ce68037ff9c962ce2af56406673af13a0b35fdf': ""chiwunau/master\n\nspeak the percentage of the battery with min charge and it's id"", '1e52d21be4d1815a2be2b1a747f42e76e67685ef': 'Record battery info before pwer go off', '1f002d02335715f373a08b0bffb355bb5f4d6d7c': 'unau/battery_log\n\nRecord battery info before power go off', '133d354efd619384ba8d80b9cf2d2fa29fcb6e19': ' #575 from k-okada/enable-to-change-grasping-power\n\nrewrite versoin of #568', '0d07cab335c3d66b29814efbaa82f122f29eccbb': 'jsk_pr2_startup: cleanup battery logger nodes', 'e7bc23a399d9a701afec90dee08f8ef403c8277e': 'new battery_warning', 'cbc5073cb49c6c8d461ede4c40f2df54df3d8c21': 'update battery_warning', 'c70bb1bd6ad6044920b3dde3bdabb123d81f284a': 'fix battery_warning', '6b019b93c9dc06df360827f54e8edbd22b4960b3': 'fix battery_warning', '3e2d44ddc70e8da02f238c17533517919292109f': 'Speak warning message when battery voltage is low', 'dd683e430bdc243bcbae2beb0e9203a23f7c2fa0': ""Merge branch 'master' into battery-warning"", 'bef80be6e9bbd071df257eb98ebe987f71cdedf1': 'Merge pull request #1082 from knorth55/battery-warning\n\n[jsk_pr2_startup] use new battery ', '0ee9349d1f86458c9b23e4b8d7a71ebadc34fde1': 'log voltage, current and temperature for pr2 battery', '5b19f9929d7c132333cdeaea9d59ee299acac898': 'battery warning init', 'ed7cf835d53bbd2daecad454cb2075714e512124': 'rename: warning_battery.py -> battery_warning.py', '9ed094154bb891d4dbe15951a43c3a4025fef93e': 'add battery_warning in fetch_bringup.launch', '2554ae8677cb7f2a203f34bef77343b9b5f39ea9': 'add speak battery app', '6ed06ede6ab8d24f22cbba14f8d7159ba6e6ef5d': 'update speak_battery icon', '657b1a9f36cf51a6ab8b458d9a41f2ee9f8ffade': 'Merge pull request #1138 from knorth55/fetch-battery-app\n\n[jsk_fetch_startup] add speak battery ', 'b78c8d602654c93cfed1b5eb115464cc5d42e6b7': 'Merge pull request #1137 from HiroIshida/battery_warn\n\n[jsk_fetch_startup] add battery warni', '6c752d8ba328b8b7b57a303ec30b8d4166c2c8d5': 'Merge pull request #1136 from knorth55/pr2-battery-logger\n\nadd voltage, current and temperatur', '65ffe125b697b20e50a8c8b4b4501c101b99d1b0': '[jsk_pr2_startup] To deal with NA battery', '9816b77bac113ef9d7f3263a5a719d4611c5bc04': 'add comment for fetch batterystate message md5 difference', 'ef6d5fd9526d690477c5e90b88db4c20e4727af1': 'fix battery_warning.py', '91f547b98a78977d59ea07d4f233fa84fdac5316': ""Merge branch 'master' into battery_warning"", '2f723a5bb8d8abc88a7b114e7fae85de9ac10098': ""Merge branch 'master' into battery-warning"", 'd1df3afbf8ef1bb54cbb90201684aec24a561b41': ""Merge branch 'master' into battery_warning"", '9e356a243ef00f58c520e12fef39852cfa824b60': ""Merge branch 'master' into battery-warning"", 'df0db23dce4849351d8666bc868b4cdb4d9371fc': ""Merge branch 'master' into battery_warning"", '44366d1a618f7cf2d5c596173785b77f724d59ed': ""Merge branch 'master' into battery-warning"", '9eafcd19b204bb961a38290a3e419db952d5ec60': 'Merge pull request #1165 from iory/battery-warning\n\n[jsk_pr2_startup] To deal with NA ', '0ae555e4d028c58a6c7490e83f2ddce8ab6492c1': 'Increase speaking volume in battery_warning.py', 'fd47e81cb5416608d57c2796af7abc2eea3f3ba5': 'ttps://github.com/jsk-ros-pkg/jsk_robot into battery_warning', '06047b1496827a5124a9efc0e31d8e1e9e3eec25': 'Merge pull request #1189 from knorth55/fetch-battery-warning-suppress\n\n[jsk_fetch_startup] do no', 'f1fd45b8ba9a5b8ff5bf05f5cd1840564a975fe7': 'Merge pull request #1182 from YutoUchimi/battery_warning\n\nFix battery warning', '2de59ba055815d27ebe3f008d1d4c0c33a9f70c2': '[jsk_pr2_startup] Modified power_monitor frequency', 'c153955d209aa8f6c4067acdc8994c9b137c7af9': 'Merge pull request #1197 from iory/power-monitor\n\n[jsk_pr2_startup] Modified power_mo'}]",,
C43,https://github.com/jsk-ros-pkg/jsk_roseus,jsk_roseus,Commits,[{'152ec538d566de6bfe51d9c38ef8a967de4c4c21': 'write version information in green'}],,
C44,https://github.com/jsk-ros-pkg/jsk_visualization,jsk_visualization,Commits,[{'5bfce638fa6b3c03c7a90f00b77217652da2a694': 'added display ambient sound power'}],,
C45,https://github.com/KCL-Planning/ROSPlan,ROSPlan,Commits,"[{'8b663b1d5cdfd3930357277415c48d287ce7a08b': ' graph edges in colors: red for start - end, green for conditional edges, blue for interference'}]",,
C46,https://github.com/knowrob/knowrob,knowrob,Commits,"[{'2a2b42a356fbdac8aecd10e4fd443630029254b4': 'mod_localization and mod_battery_state are added.\n\ngit-svn-id: http://code.i', '0f32ff2b589a3faa7596f9a5dc16838999aa10f5': 'mod_localization and mod_battery_state are merged into mod_self_info. mod_se'}]",,
C47,https://github.com/ku-ya/uav_geometric_controller,uav_geometric_controller,Commits,"[{'3d804c1936e3587c78bcabe8020387e496b2c862': 'motor power from i2c: need to publish', 'fd08e639f3ae2d290bc7ee05c2f967f53a2c3518': 'casting float to motor power msg'}]",,
C48,https://github.com/kucars/haptic_teleoperation,haptic_teleoperation,Commits,[{'47f03ff156b02ff659613ee8b52d3ef09424f2b7': 'ooler will not send data to the robot if the battery is less that 40 %.'}],,
C49,https://github.com/kuka-isir/cart_opt_ctrl,cart_opt_ctrl,Commits,"[{'baee14bdb4ccbf46621e4b5cbf47e814aa3f6f95': 'Adding the kinetic energy constraint', 'bb2a91256af09290861ab7fea6d125a7a45467df': ""Filter robot's kinetic energy""}]",,
C50,https://github.com/leonard-lab/dcslROS,dcslROS,Commits,[{'565c64f9d2fbb8ae4696ee3a7d552f85685a7b47': 'Switched to green channel to gray instead of bgr to gray for b'}],,
C51,https://github.com/lucasw/imgui_ros,imgui_ros,Commits,"[{'fa0f7754124910914ecbd3e75884c94656edf4b1': "" doesn't get small enough, need to raise the power even higher. #50"", '1b5bade9783d1ae7bc9961d863719a3902d1ac71': 'Use power to scale slider value'}]",,
C52,https://github.com/markusk/minibot,minibot,Commits,"[{'6f8dbdfda5159a47f8a9b5825214af235a35812d': 'Updated shell script for later run of powerswitchmonitor.', '848d87b25da54a4829a2ffe70344dcf619a4f0de': 'renamed powerswitchmonitor file', '1dc5a830652f422ab6744c36583300a888264e6b': 'initial commit for AD conversion for battery check', '929f29eceb84524a03de177852403023524cde28': 'Added AD converter code for checking battery voltage', 'd9690a7ea403f64da543faafbb860e7dee376ad2': 'Added symbol font for battery status in LCD', 'bc5a2878cff79a8d0273b0dc7fc121c8459c77e8': ""Using a 'symbol' font for battery status now, updated font sizes"", '6406fd89660cbe50babe9765b5c849a7ce28c7a3': 'Trying to empty the battery symbol', '501ba55bb6c93484ad6b44afaf47475070af084e': 'emptying battery okay', '4f9c572547a2e3efa17ca1b7cee59a04e98788c4': 'Disabled display test (emty battery), added LED call to button press (not worki', '7c6731405cbaeac76f14f79dc7309844b9431f9a': ""changed service declaration to 'battery'"", 'a108e44ed47ec3e25ef8b16ab591466be3748fb4': 'changed code to work with battery service', 'aa4400d92812d29192cf659bfde0688f7d12cee3': 'Initial commit of battery publisher and subscriber. Works fine.', '16f80ecfc4eb2cc32b9e58b19fcaebe6e4cec0d3': 'Renamed battery server and status client to LED stuff.', '4cbb7fb7fb213d97c859630621ff80e9520bbe51': 'Now displaying battery voltage', '9e451cf5d67351df12a587676741e9a535598c21': 'Added battery LCD test. Voltage reading and display.', 'cb9d427a1472992b81ccd076e2f30b2ed3a4dee2': 'initial commit. will start the new battery status OLED script', '3a82cc3ddacf38976fdc4c36132d52583706e814': 'added button check and poweroff call.', 'fada8041bb208a2b05a83350e8751d35bf67a29f': 'Displaying ""--"" when voltage ist <0 (no battery connected).', '16163e9cba54a9bedbebb981e1dad8107a78b76b': 'updated to run real new battery_check program', '9c7684105d25686eabd5cc87e7f1e28fd7415b78': 'Added start of battery_publisher', '96a7fe378e4016fe8162a700e5320e7751e23129': 'Disabled time based battery demo value', '09170f7b0a7613f9bd0e6fcbbf62f9dcb302fb00': 'Added more battery status fields', '2738ee732f04c134e50e38807ad59d85ce063011': 'Updated code, taken from battery.py', '08d6628007009f47b7d16bfeb5e613f08f1c692e': 'Added a font-awesome symbol for the battery', '024235361214b7d5f704edb12d50c174dfb612c2': 'Added font awesome battery symbol', '1ffe45d67503600b187968995c698da54b2cc0bc': 'using a variable for the battery symbol', 'd5905777ecf14328d4ce474eeb169540850054d3': 'Added new battery symbols', '7dfd0c491db0fdbe39e973dd272b62ebbcc8f3ed': 'Added calculation and actions for all battery states', '93d0b6257db7c45e522d364c85320699a243161d': 'new battery filling level LCD approach', '9a961c2a662f02780dd6de7383665816d12cc7f5': 'Changed display to battery symbol completely\nTime disabled temporarily', '60c92652f39d88e8eb2da0e154d2844f730a5aa2': 'Added battery percentage check for battery alarm.\nAlso fi', 'cc2c8ed013e9b2fbe25e27e9ea8f7db1d2d0c915': 'Added piezo beep if battery is empty.', '41872817d50c6a8d07db5821f8677596ff0b31d6': 'Fixed battery message.'}]",,
C53,https://github.com/mavlink/mavros,mavros,Commits,"[{'08ae1cc15783a7b1b69cf2176079f5a2c6c88bd2': 'sys_status: Add battery status monitoring\n\nFix #19, partial #16.'}]",,
C54,https://bitbucket.org/mitchell_scott/sphero_swarm_ros,sphero_swarm_ros,Commits,"[{'eb65b78baa7056a8cb894b4f2e472aa7574028ec': 'added changing to green on connection', '8e95851d663efd637020665e44ab4dd2d9f6a7e3': 'adding units and power callback'}]",,
C55,https://github.com/muralivnv/asl_gremlin_pkg,asl_gremlin_pkg,Commits,"[{'578a025aee264c03a30f6c41d66bb0258e9cf905': ""changed 'std::pow' to 'int_pow' for faster power calculation with integer exponent""}]",,
C56,https://github.com/olin-robotic-sailing/oars-roboboat,oars-roboboat,Commits,"[{'2e5152e64f0255f072671537b2d757fcee8ce94a': 'Prevented casting of power values to ints', '0c04ec6652c9192e3314eea9d987279e0dc51e74': 'Added file for testing motor powers and stuff'}]",,
C57,https://github.com/opencog/ghost_bridge,ghost_bridge,Commits,[{'c2ed2847e8c65b9d066dfba41fc51a9eeaeb5496': 'Make audio-power be another mini-module'}],,
C58,https://github.com/OSUrobotics/ros-3d-interaction,ros-3d-interaction,Commits,"[{'54363e55fb8ccceeea5867c738b04a799bb5e975': 'green circles for selected object', '4aa73fe2737b2cba844d07b53b021c000b30eded': 'Node to find the 3d point of a green laser pointer dot. Works, but is pretty slow'}]",,
C59,https://github.com/OUXT-Polaris/robotx_core,robotx_core,Commits,"[{'e54f7583729c6be154a5ddbb54c9be266f5c6c7f': 'add battery_monitor_driver_node', 'a6e15e2fa491ee8974579ce8ef6d3794a915a6e7': 'e pull request #58 from OUXT-Polaris/feature/battery_monitor_driver\n\nFeature/battery monitor dri'}]",,
C60,https://github.com/OUXT-Polaris/robotx_packages,robotx_packages,Commits,[{'69f94da6a7829a3e83f835d8e84be9ecbdf31d0a': 'enables plant green buoy'}],,
C61,https://github.com/pandora-auth-ros-pkg/pandora_ros_pkgs,pandora_ros_pkgs,Commits,"[{'6bc7232a38bc2fb353c8659ed988a4a174eb138c': 'Fix battery monitor with new interfaces [ci skip]', 'f3f28f219de42f1fa3536bc40e289e07d7dc72a8': 'Update battery_monitor.py', 'a4b496c966edafd5d28b91228b314de795ba2d4b': ' sonars\n - differential joint encoder\n - battery voltage\n (in addition to the existing co2', '7930fb11fe3f090b608faa889b6b6645f8a90a5e': 'Change battery_monitor script to beep below 22.0 Volts', 'c5e6794b2ef06cb56f0d3d9083fe2f95feed7ef7': 'Fix for false beep for batteries when arm resets', '38902da39da411be7c5abc776ef01a583145c754': 'Fix for false beep for batteries when arm resets', '2d981a668f74fb43eb9af53d6ab981fd9006211e': ' Also fixes logical error, due to, which the battery_monitor script\n beeped when an invalid rea', 'bca11c8df50c054b7292d76762e3d8fe8db1f2e7': 'Add battery voltage validity check (>12V)'}]",,
C62,https://github.com/pantor/ros-control-center,ros-control-center,Commits,"[{'becfb2e4123e15d8f00fa6d4edfe6667be018197': 'new screenshot, battery view, better overflow', '34d1ea9a13f622d8a39b51f18822a73fc86e48bb': 'config example battery topic', '32eef4d274aae34f760512d437ae20e8d888e28d': 'battery status bar, fixed undefined error', '46b24d1b05d7c142de655926a683c1babf1892b4': 'Changed battery status to std_msgs/Float32 type', '6e847f1910f53a01893045d8ba3a4b1a62a95653': 'battery status percentage', '52e6632c2fff6b7bb813aaf0673da666b8476c44': 'battery status formatting', '4f07580fb4dfd0af1413af490596f93d5a09a9d5': 'set 0.1 version, added batteryTopic to settings, changed directives to use', 'fdbb208a6a9467f48e4cb3948f54269804900539': 'added no battery data yet view'}]",,
C63,https://github.com/PR2/pr2_controllers,pr2_controllers,Commits,"[{'c6299cf80a2bb1367128f6e54488781a473609b0': 'ethercat_trigger_controllers, pr2_power_drivers, experimental_controllers: invalid C'}]",,
C64,https://github.com/PR2/pr2_navigation,pr2_navigation,Commits,"[{'23135832d201ac40c0590b59b6f1f57d97d2b9c0': 'Transplanting arm tucking, checking AC power, and lowering the spine from trunk'}]",,
C65,https://github.com/PR2/pr2_plugs,pr2_plugs,Commits,"[{'ce6a0793645dde41941a1ef096f029b2aac0d12c': 're-added battery_stub.py to pr2_plugs/pr2_plugs_executive/sc', '37c1fa75d40d06551f8faefdd8def132b1dc4051': 'recharge application does not look at battery levels any more'}]",,
C66,https://github.com/PR2/pr2_robot,pr2_robot,Commits,"[{'49b6649a38c81d9367c60b20c006334f978051bf': 'imu only gets calibrated when the torso lost power', 'bde5f0fd016b34f8b82183818526830d11e16a90': 'fix for initial powerboard message, ticket 4346', '45993ea95b144ede43ddcd068882c65a75c34c7d': 'Enabled tilt laser and battery server', '42cd38f659e8c9eb513208c5dbe84c11ec825642': 'added power monitor stanza'}]",,
C67,https://github.com/PR2/pr2_self_test,pr2_self_test,Commits,"[{'fc3492e3b83e8a0203a0c0da243bd7004800d1a0': 'Added command line option to power_node ""--serial"" to filter on a specific\nseri', 'f01518a8e777fa2209e25e7001a3ccfe7bd0e82f': 'Added power_monitor to dependencies.', 'a078175d58665239924b241e07bce6d137c4c848': ""d forearm camera configuration, doesn't turn powerboard on/off"", 'cd1a834e36674672be6002364fc039df51025a84': 'Forgot to disable power board for wge100 config scripts.', '57a67418d77a30937986c92e9209bd925217fa2b': 'Auto power start, use bays, GUI changes to Test Manager', '3ae2bf855ddd3984b6c92ba9690bcc21289d6a75': 'Patches for qual tests: fingertip axis fix, power cmd exception fix, drop test fix', 'b852cc061d0ed4ecf00c2d2961414701b29e88df': 'Changing name of power board service in prep for #3216 closing', 'e75b0fe7da8f32e4eb662f3f749377dcd88c0f02': 'ower commands have moved to new service name power_board/control', '3000f6056e0dc871e994f44c6406d316294102dc': 'Qualification system now correctly loads power board breakers for each station', '73b1d04eeeb14e90468e2eb6ccbe731b9c7a6001': 'Warning power users about inventory access in debug mode f', '5ee56bbcfd1d42a9b09d197c9bf21612a537bdfd': 'Corrected name of retval in power board error checking', 'e3ae586bcfdd73cfc67a8905290399c0bf108e8f': 'Added check to slip ring power connectors. #4254'}]",,
C68,https://bitbucket.org/projectcosys/cosys-ros-pkg,cosys-ros-pkg,Commits,[{'8b1749a8edfbd37c7cd5ad97006ed22ae335a5e7': '24 V power supply now goes through E-stop switch.\nArdui'}],,
C69,https://github.com/PX4/avoidance,avoidance,Commits,"[{'1cc98875d0b0a1560271fef9b6226113444d5577': 'add powerlines models and wire model', 'd122f62c3c97813f6f7112bb5bfc0c63e9dc151f': 'add world with powerlines', 'cd5e5eba242279bf093931a42b351590688646b9': 'remove all powerline related part of the local planner algori'}]",,
C70,https://github.com/rapp-project/rapp-platform,rapp-platform,Commits,"[{'ddb1855558e9f481f2fd15b9c0a3f3f4162059e8': 'added a simple energy denoiser', '50c6a9a8a33b24533242cb92e2eb2791742c58c3': 'Trimmed power denoiser. Must incorporate in sphinx wrapper', '74a10ac7ee31efd3fcc406fc7cef6b446d4737ec': 'rk. Added plot debugging in audio processing energy denoising. Refactored a bit sphinx4_wrapper', '0175a154b91310e7db4e052e2007eb37ada2353a': 'y behavior in speech recognition with higher energy denoising. Refactored yes-no benchmark. Lowe', 'a51e3247fbb8ad346def0b8598f8a10c4ee416a3': 'Refactoring and unit testing in energy denoising'}]",,
C71,https://github.com/RCPRG-ros-pkg/elektron_robot,elektron_robot,Commits,"[{'8e81bcb77683b85b036914ae12e1dbc681b00a9a': 'Laptop battery monitor', '31a3929a9174faf9928b68ddd1cffe8c66815504': 'Main battery monitor', 'cdae2d1158c4281aeb82da803968e37933cd2bad': 'Sound indication of battery lvl'}]",,
C72,https://github.com/redbirdrobotics/ros_redbird_m7a,ros_redbird_m7a,Commits,"[{'531de6dddb5db097ca272f2b35d4620f7db3b9e9': 'created greenRobot node', '2813ade4dc816a92f4d33df88f5a16829ad7e1af': 'made red and green robot consistent'}]",,
C73,https://github.com/RoboJackets/igvc-software,igvc-software,Commits,"[{'2efca09b553130ed0e4b4f05ce7fe3f0bcd2972c': 'ted line-blobbing algorithm; added red-minus-green view; enhanced the identification of barrels', '2a10ff6169e3eecefa7f564434c77d86dccbf3b8': 'ted line-blobbing algorithm; added red-minus-green view; enhanced the identification of barrels', 'd715608ec38ed87a47835a80c1cc1f5598216988': ' detecting white pixels.\n7. Decreased thrust power of autonomous mode to 75%.\n8. Decreased the ', 'c957d7b1542c02f1be755b7c11ce5403e2e5417b': ' detecting white pixels.\n7. Decreased thrust power of autonomous mode to 75%.\n8. Decreased the ', '3d692228fb5955677faa798fe040c6874fd2776b': 'neon green barrels are now orange!\n\n\n\ngit-svn-id: https', 'de495906b5dd6a67db05050c1523c2c109bda08a': 'neon green barrels are now orange!\n\n\n\ngit-svn-id: https', '6cff8e145e14137232df3e9e61c07ef56bdd761a': 'init check in for power dist PCB\n\ngit-svn-id: https://localhost/igvc', '461a104af9b65ba1a7e6cdf879d8f70dfb5553fa': 'init check in for power dist PCB\n\ngit-svn-id: https://localhost/igvc', '2a453a38e126e74699ba64c562bd43300bf33a81': 'nat semi power boards\n\ngit-svn-id: https://localhost/igvc@1', 'b77e1e5e0a1bdd71d1f67d12c33fab53f277a850': 'nat semi power boards\n\ngit-svn-id: https://localhost/igvc@1', '3353f31b50862d4c2d930b4c939cb8137e4d66f8': 'Updated power schematic', '994954cc88f9b100d167e213b86bd05f594625c4': 'Updated power schematic', '08ac3e9f813086547a4c27b57f0c9dfc8485d4bb': 'Adds battery monitor to dashboard.\nChanges layout of das', 'fcfa3f8fcfa4106b9aebf3463b834cfeb4aaaf17': 'Added battery plugin\ncloses #53', '6a54ff40abf7a3c0b5f4062286459eab8af5bbe1': 'fixed issue with battery message no compiling', '8b483eb4dea0c9429b1161deabe385564076c5a6': 'fixed battery topic publishing', '317000497182a2db67f03eea3419fccf66ca6d22': 'added time delayed average for battery voltage', '76decabe4342d3f716d3416cd1881961dcf93d70': 'fixed issue with low battery warning never publishing', 'c205798cfbad6f878b705aa63a4edbfc9fdc3dd4': 'Fix string comparison bug. Improve battery avg voltage calculation', '0b0d48c140b24ec02fb9b79612a074fcedfb0544': 'set initial battery voltage equal to min battery voltage', 'e182fa1ae2e9c6fb1e80a32b2d916a6a431a74cd': 'add comments. Clarify battery avg calculation', '6b1763bfd60a99113c48345de52ccb4857de189a': 'ulting in inaccurate imu readings\r\n\r\n* added battery diagnostics\r\n\r\n* wrote analyser for sensors'}]",,
C74,https://github.com/RoboJackets/roboracing-software,roboracing-software,Commits,"[{'0d6d10da2cac898c3595a866ba839757131ca773': 'get start detector to find green', '29c4ce4f2b99677529c20bc6f26c38027407c24e': 'Changes /green_light to /start_detect in IARRC nodes for AV', '9e534cb23557d9223e318eb875b2c67db69acff8': 'Changes /green_light to /start_detect in IARRC nodes for AV', '0a56109a9a1c5f879af7983e3ffe3ca8ce118bda': 'neural-net-powered planner works for the first time', '9265eba957be73e7b1298666d3ad6f4c380aa55b': 'Improves green detection and adds launch params'}]",,
C75,https://github.com/robotican/lizi,lizi,Commits,"[{'a86ef6fe4aa28034cca55b12e268a77efc6ac362': 'added ros battery and gps topics + minor fixes', '12459940200771f8c926609d456c10b70019bb0e': 'publish battery on any state'}]",,
C76,https://github.com/ROBOTIS-GIT/ROBOTIS-OP3,ROBOTIS-OP3,Commits,[{'0f2b93a06c629e699b0cb8f058051b6fd52f0c24': 'added function of reset dxl power'}],,
C77,https://github.com/ROBOTIS-GIT/turtlebot3,turtlebot3,Commits,"[{'5d9f848b19b093db61947a76562fa43087b44542': 'added battery voltage msg and info', '04dbbe2a0d6ee9dc0fe0eb708d414f10348a76c2': 'added battery voltage msg pub'}]",,
C78,https://github.com/ros-industrial/fanuc,fanuc,Commits,"[{'f980872cb2e63a57dbdb07f3eb8fc1030888da22': ""Report UNKNOWN values for 'drive power', 'motion enable' and 'fault indicator' unti"", '1eacd46c330d3028329f7cdeb5d0e780a3643136': ""Clarify status of 'drives powered' and 'motion enabled' fields."", '4906bdec9e56408c9cdacdd7fd211566bcb6c637': ""resources: add 'collaborative green' colour."", 'a59ab30dd1c19b243df1a92202f5887c276c8e22': 's: add better looking approximation of Fanuc green.', 'be7d0c43de25285dad6f4e762975b3659767f38b': 'cr35ia: use approximation for green links.\n\nThis looks much better in RViz.'}]",,
C79,https://github.com/ros-industrial/fanuc_experimental,fanuc_experimental,Commits,[{'1d940831683db2b062e48028d5a92426084a9238': 'cr35ia: use approximation for green links.\n\nThis looks much better in RViz.'}],,
C80,https://github.com/ros-industrial/motoman,motoman,Commits,"[{'d23afc85ed5cd11b5c3648241e75e798862b0580': 'single Recv command.\n> Add command for servo power.\n> Add command to clear alarms/errors.', 'b957c4074d02897aa78f6443586741d70be3bdac': 'iver - Update\n\nFixed enabling servos when in energy-savings mode.\nRemoved extra task creation wh', 'c367f27d1a5b23303c8044b9acbf6cae4d8c9f6b': 'or the motion.\nFixed enabling servos when in energy-savings mode.\nRemoved extra task creation wh', '0864f8c555e3e9e493a7db4f8fe1ecf06dcf8d67': 'or the motion.\nFixed enabling servos when in energy-savings mode.\nRemoved extra task creation wh', '68657f1b0c2b657ee1dd8010cf74f7ba27286296': 'or the motion.\nFixed enabling servos when in energy-savings mode.\nRemoved extra task creation wh', 'bdd091fb8ddb12c8647c645b3a74a677dd920e62': 'or the motion.\nFixed enabling servos when in energy-savings mode.\nRemoved extra task creation wh', '1bbf3930c38688fb380ff8af5125e92cad530370': 'or the motion.\nFixed enabling servos when in energy-savings mode.\nRemoved extra task creation wh'}]",,
C81,https://github.com/ros-industrial/staubli_experimental,staubli_experimental,Commits,[{'e737f7032f794889fd93c07dce1b55a6b31b2b86': 'Check for e-stop and power up drives (if in remote) before starting tas'}],,
C82,https://github.com/ros-interactive-manipulation/pr2_object_manipulation,pr2_object_manipulation,Commits,[{'6666d1a9a1f483141befdb9d2d24a347dfaf1f28': 'added battery level text'}],,
C83,https://github.com/ros-perception/image_pipeline,image_pipeline,Commits,"[{'fdf72f3546ec943eb59b708c07604e34270e8fbc': ' 40+ samples, even if not all parameters are green. Should address problems from http://answers'}]",,
C84,https://github.com/ros-perception/laser_filters,laser_filters,Commits,[{'9a38a7ea2791443cbad38bc00025bc6d616d10d0': 'ter\n\nScanShadowsFilter required a lot of CPU power mainly due to atan2.\nThis commit reduces com'}],,
C85,https://github.com/AcutronicRobotics/moveit2,moveit2,Commits,"[{'2ab8de38e295d4084f75440c0cd4ecc60bac9b62': 'istant: highlight allowed collision pairs in green\n\nThis adds support for highlighting links in', 'd3cedff4e69591a7bfe4b0cb5a9ee3ab05ffe79e': 'ion widget: highlight collision pairs in red/green, allow keyboard selection'}]",,
C86,https://github.com/ros-planning/moveit,moveit,Commits,"[{'2ab8de38e295d4084f75440c0cd4ecc60bac9b62': 'istant: highlight allowed collision pairs in green\n\nThis adds support for highlighting links in', 'd3cedff4e69591a7bfe4b0cb5a9ee3ab05ffe79e': 'ion widget: highlight collision pairs in red/green, allow keyboard selection'}]",,
C87,https://github.com/ros-planning/navigation,navigation,Commits,[{'76712c964e9b4fd7134f973a99f35d8b57167310': 'om vrabaud/kinetic_cmake_fix\n\nmake all tests green'}],,
C88,https://github.com/ros-planning/navigation2,navigation2,Commits,"[{'8ef24438be29d51d68735c2a8f954e6c6f4b74e9': 'Initialize red, green marker colors so invalid paths are all black', '35f2e36b65976bf049e79d7e9f2f91456f208528': 'Change trajectories to be on the red-green spectrum instead. (#620)'}]",,
C89,https://github.com/ros/diagnostics,diagnostics,Commits,"[{'effce4881580f64b9c201944572608ce544b6cd4': 'shoulder test tweaking and adding auto power control', '7dc169a905f4024fef56ae4e91dc9bb87d2a4838': 'a script to powercycle the board to make mcb flashing stick', '3163ac931b224cd8e2a64e8b685f5aa5d0d498db': 'Add dependence on pr2_power_board', '0566117a74a3bed78d4bd13fb025ab4d5d70f8c6': 'Modify hot box to depend on battery driver for email when low battery', '81d72d11b3b2a018b75046ef272fffeba649aca2': 'Fix type on battery notify call', '1b501e306030a07b386bcd0586e5b3d973311006': 'r handling in hysteresis, adds traceback for power board exceptions, adds user warnings before ', 'c4ac42d7769dd7e6be0e98173b6cbbf152311d22': ""runtime test to publish on diagnositics when batteries aren't there"", 'dae6874fcb614277041fdb4d13e9f015c9b00bf1': 'ckage, diagnostic_test, and updated expected battery test. Upgraded CSV exporter in diagnostics_'}]",,
C90,https://github.com/rosflight/rosflight,rosflight,Commits,"[{'9d6f3fae4c85e2180bb9e4be82f4635d74db2958': 'Use newest mavlink to support battery status messages', '742373ca3638f41e64f5b9172bb33c8f28ee7527': 'Add support for battery monitor messages', 'ffb9d98e2ddf6c7595bee04ecf87da06414bc9ad': 'Add battery monitor support', '1ab4f8bbb7173b598de814fc115d6b2809305203': ""tracking branch 'remotes/origin/master' into battery_monitor\n\n# Conflicts:\n#\trosflight_sim/inclu"", 'e56e21540828636ea2e190ff600252a5c812dec7': ""Merge branch 'master' into battery_monitor"", '3f8c13e7987b592e6e43e6b16a3e2ed0fd36ef9b': 'Merge pull request #119 from rosflight/battery_monitor\n\nBattery monitor Support'}]",,
C91,https://github.com/rosjava/android_core,android_core,Commits,[{'ab480e81f77d07757183ad045496ca735f26664e': 'r to resize maps to have dimensions that are powers of 2.\nAdds debugging hooks.\nFixes OpenGL er'}],,
C92,https://github.com/rospilot/rospilot,rospilot,Commits,[{'5cac07dde5600f1fc6df0ceb6ebb83b242b7708c': 'Add support for battery voltage monitoring'}],,
C93,https://github.com/RoverRobotics/rr_openrover_basic,rr_openrover_basic,Commits,"[{'a38082f4fdfebbf1d311498faf1f00553939bbf2': 'Added data about battery health and status', 'bd8607e5493ffeca49ce399270f608c9f233320d': 'Added the new battery data to inorbit publisher', '86697b0962f5b6f14d4ee854326a01c27d882423': 'e pull request #4 from RoverRobotics/feature/battery_status\n\nFeature/battery status', '92f8894a44812c893d5dd6b9ba2fc886c70b96be': 'Add battery current and battery voltage to OpenRover', 'f808ae55e1d76d3e784ed384bf37d41e652e39b3': 'Add new power info to diagnostics', 'e27e888352cae7c0bec6f90ad36619a7354c3515': 'Move battery status to its own message.', '52d7cbde9cc055684ad87199ad677b95d60581d3': ""Merge branch 'feature/dan/more-power-diagnostics' into develop""}]",,
C94,https://github.com/sbrodeur/ros-icreate-bbb,ros-icreate-bbb,Commits,"[{'923d79f9d92c0e96278823931931a002c05bc81d': 'Converted battery topic to simple BatteryState message. Remov', 'dfd64de36499c0841b57a91016698ef320aeb91e': ' complete for most sensors\n\n- NOTE: that the battery percentage and status are not supported yet', '6fccca0c95cf8a8c68a45bc7475b725c780d4353': 'alization\n\n- Added visualization support for battery charge (mAh and percentage),\nand battery st'}]",,
C95,https://github.com/seed-solutions/aero-ros-pkg,aero-ros-pkg,Commits,"[{'420423ab76d3205d4af09b050c6fc4eb1820b123': 'fix how to tell grasping power to AeroHandController', '6e4f32da7e48a25e1956b63273bf7d29e79544dd': 'decimate wheel_base, remove battery detail'}]",,
C96,https://github.com/shadow-robot/sr-teleop,sr-teleop,Commits,"[{'7731ed685a61a44156cf06cde7a9f0a9cffd5dca': 'brary to cyberglove/python_lib. Modified the green_palette for a lighter green.', 'e48965f9478591694e73ddd1eeb5ab9e7b1cf4c7': 'lp:802648 red if not calibrated, green if calibrated.'}]",,
C97,https://github.com/sigmaai/self-driving-golf-cart,self-driving-golf-cart,Commits,"[{'61e6dc1c03b51643b88b8220c7efbd816f319109': 'int cloud raw\n- yellow: ground (driveable)\n- green: most suitable\n\ndecent progress!', '18a9076da7065aeb7bcf04d42517dda5ab6aa6a9': ' rosbag record.\n\nexamine computer strain and power consumption'}]",,
C98,https://github.com/sonia-auv/proc_image_processing,proc_image_processing,Commits,[{'384e6af81e1675e45a234b860c8039c361489591': 'Adjust green buoy + new filter'}],,
C99,https://github.com/start-jsk/rtmros_common,rtmros_common,Commits,"[{'94a46779e53867c17a3eb199a96fe9d4f63dd200': 'fault rate to 10 ; this process consumes cpu power so much', 'af72bee177c1d216f43d9cd9499c99a2319aad75': 'add power indicator', 'bb825b2910e0cef86ab26083d9f2f65528777851': 'add calib done, power on, servo alarm message to diagnostics', 'd932c867a39570b867cfd375d7056e1eb0209c75': 'add use_diagnostics, use_rosout, use_battery option in __init__'}]",,
C100,https://bitbucket.org/Tabjones/pacman_vision,pacman_vision,Commits,"[{'23094be38071b151ec949cdcea23f6d50380fdca': ' just barely started.\n\n* Lets make it a mode powerful node that spawns a thread, like a module'}]",,
C101,https://github.com/bluesat/owr_software,owr_software,Commits,"[{'dd860c246fa53250131aff0a5aa21cde62a32e08': '[hector_map_server]\n-color end point marker green\n\ngit-svn-id: https://tu-darmstadt-ros-pkg.go', 'ea415835a74f8689871b5da7b7a1788cc5767e25': 'For #28, drew some more things like battery and signal.', 'c0fa4cdd11bedbcb6cdaae99a26427734de45ec6': 'For #28, battery and signal now dsiplays properly, also adde', '4cbf2920d8ce61c34ce4b2b02a37e3d13142db85': 'For #28, better path generator, animated battery and signal, keyboard arrow key control for ', '4511420d7d430d81e3f7a3825940c834927dfe1a': 'For #28 and #29, intergrated battery level ros_msgs into the gui. Created test d', 'c2c9eeb3c8b1b7d01322913c6ca993d8e47a2df6': 'Added battery voltage reading.', 'b8ab86e1e9f9ad578d650efe57602a839da245d4': 'Fixed scaling for the battery voltage reading.', 'bf65bfffaebc72ed07ca8595d8b01857353ded15': 'time 6h Completed displaying claw numbers in green box.'}]",,
C102,https://github.com/tu-darmstadt-ros-pkg/hector_slam,hector_slam,Commits,[{'dd860c246fa53250131aff0a5aa21cde62a32e08': '[hector_map_server]\n-color end point marker green\n\ngit-svn-id: https://tu-darmstadt-ros-pkg.go'}],,
C103,https://github.com/tum-phoenix/phx_quadrocopter_ros,phx_quadrocopter_ros,Commits,"[{'eeae11301302803fab9b9eccadd2ed7cc032a326': 'implemented batterymsg, euler to quaternion conversion', '8f08615788e4ab4cf81439f173ea40745181988b': 'hanges in ros_com changing import and adding battery msg.', 'c05ac586132b7e17855070bac2e9d369c293ae2d': 'updated ros_com for battery msg support and cycletime, both working now', '2cb06b774b33acbf91e48d30af956bf3eec1360d': 'bugfix battery', 'f491d8269e51bc2271c67e6eb44ab13158b7ac2e': 'changing battery msg_code\n\nadding MessageDirection ! for err', '5cbbd6c875162e58919ca3c91d459d93ee57b60d': 'added barometer altitude status battery messages'}]",,
C104,https://github.com/turtlebot/turtlebot,turtlebot,Commits,"[{'3f5fe1dc7042a1252551884002ebacb4cf675038': 'laptop battery status diagnostics', '26313943003a7dd0a91a75a4905dcaf63128aeb7': 'fixing laptop battery stats', 'd30b4804e21751b12cb5ab2442f18d21548ee150': 'turtlebot_node now robust to robot power on and off. It will wait for USB port to ap', 'f656908ac1eaf307fb758362b7061bb276b7884d': 'moved laptop_battery driver into minimal', '7071f8d92fe979461263e0cfcbae54f4ab61c7e1': 'Rewrite of laptop_battery_monitor, #98', '7c3a96d01c6ba800a940b446222b2945b9866a63': ' the turtlebot_node is not connecting due to power button off or when cable unplugged', 'a67ef5e821ca1d6b38aca521ed2bc8c40393b0a8': 'adding critical battery level in full mode restart 15% battery will', '51808acf20c11f11cd92f9d3cf0e9a4b52ebd270': 'adding battery path example to launch file', '7581608ddd51a0c3d770566edd431a4255322823': 'bugfix the laptop battery check.', 'b17f0829899a589095eb46c622dc7ebc1e66b6bf': ""rewound laptop battery power checking (kobuki's used an earlier version m"", '13662eb4ce5a3be9e20987d3d7d470424b2b1754': 'kobuki_node->turtlbot_node and reinsert battery parameterisation.', 'c9bd4eeaedc82b4ed1cf6bd675a460584ad38160': 'kobuki_node->turtlbot_node and reinsert battery parameterisation, closes #3', 'd0747aba10ce83807dbeef2d66ac0736e60439d1': 'tion to gracefully abort with a warning when battery is not present.', 'dd70a283906c3a4fdc9b10dcb669014000059878': 'environment variable for battery settings - move to a proper configurable so', 'e197149c580bbb5a180f0139599d54ca62ad897d': 'bugfixes for laptop_battery python imports.', 'bdf3080e8a0c14d1be0bd82a93c049fa826f5d9e': 'Making laptop battery script work with the new /sys filesystem or', '0c0f53217bbd838d89f6be5584ae1b9f45106875': '04 from rk4an/patch-1\n\nfix renamed files for battery info on Ubuntu 12.04.3 LTS - Kernel 3.8', 'cdd80421b266f736fc00bdf039776c205302733f': 'exception handling and logging messages when battery info not\nfound.', '968ea3da1911e048258452326d8a03dc7feb0da6': 'up metapackage. add teleop and remove laptop battery_monitor', '8a156679a574c7dc416061e38b7b5c4b1f6c95c3': 'disable the battery node if TURTLEBOT_BATTERY is set to None\n\nF', '4901a69d7db20bce40983b61f08378e6c38946ff': 'propagate netbook battery to other similar launch file', 'de0dbd8b2c8c779622e6064ae5be683c1b41dea0': 'e pull request #225 from turtlebot/no_laptop_battery\n\ndisable the battery node if TURTLEBOT_BATT'}]",,
C105,https://github.com/turtlebot/turtlebot_interactions,turtlebot_interactions,Commits,"[{'89849d2d4a4dbc94778ca7da966a1da4b83d7478': 'e : turtlebot_dashboard/src/create_dashboard/power_state_control.py => turtlebot_dashboard/src/', '3983e022ef9f3ea224e7aa2f9d6c6950e8308a4b': 'laptop battery display', 'c7078999e6b74179fc0ade4d70fca5d9c73fbea2': 'fixing battery status info to be more accurate', '1f06c5418f7b5ae8e678f92e6f053c50187886c5': 'making dashboard battery display more accurate'}]",,
C106,https://github.com/UBC-Snowbots/Snowflake,Snowflake,Commits,[{'57bc564b3e4e6bfb3d778fe41172346408109e1e': 'Moving green light and circle detection from iarrc to sno'}],,
C107,https://bitbucket.org/udg_cirs/cola2_core,cola2_core,Commits,"[{'cc8232297950606146d95933f950d7152ce8a32d': 'new fields to VehicleStatus msg (at_surface, battery_voltage)', 'eb8e251aa973f5dfe70294a228ce8f820b784d05': 'Increased value of simulated battery voltage to prevent errors in simulation.'}]",,
C108,https://github.com/uf-mil-archive/PropaGator,PropaGator,Commits,"[{'97af2c6534dea4ed514dd7391bb219f54d8729ec': 'button,buoys:button can now do two, green threshold in green is much better now', 'c248dfcc7c8b4cd357dd0131a0302070f580e5c8': 'navigation:fixed power router param error', 'f7bf5266a2066742ad85ee511aab1a4c7b5f8394': 'added green buoy to simulator', 'beddcdbbab9e641448a37f3585b1ed4d5a72b9d6': 'START_GATE_VISION: Search for red and green separately', '5a7a0f34bf083816768640476aaa9fab07cec49c': 'CLEAN_UP: Remove power router'}]",,
C109,https://github.com/uf-mil/mil_common,mil_common,Commits,[{'0cc31cc15b930cb15211e19b4eaf95e4db952110': 'ingleton will have titles and fancy blue and green text.\r\n\r\nmove.(...).go() commands will tell '}],,
C110,https://github.com/uf-mil/NaviGator,NaviGator,Commits,"[{'4d8214568bab9b89a55f3e4c660b91b2e6541a22': 'SENSOR_CONTROL: Added a battery voltage monitor and alarm', 'd1fd036418ca79968805d612511daa1656872a0f': 'ALARMS: Updated the battery monitor and joystick to work with navigator', '766c70fa324775c6e45e310220dc8f21a47d0275': 'GUI: Made battery alarm triggers rosparams and added voltage ', '6fc4392d39619f3d68728e4b61a523b57b82a136': 'ingleton will have titles and fancy blue and green text.\r\n\r\nmove.(...).go() commands will tell ', '11298869712e59cfa9fab57ab812733df043741e': 'SENSOR_CONTROL: Updates the battery warning voltage values based on testing res', '01c60f829b446c67ae08df17b31d60954c1af53f': 'age if we have >0 measurements\n\n* fixes auto battery low kill on startup', 'aedce6362959e41807ba2687fcf91b241ddbfea7': 'LAUNCH: launch battery monitor with motor controllers', 'a53cf2b17c5ba29f5f4e5832723d7ebed102b592': ' information about wrench mode, kill status, battery voltage, LLA coordinates, and individual th', 'd53ee32622693f576d37675af26d4af0f36b82fd': 'urrently Displays: wrench mode, kill status, battery voltage, LLA coordinates, and individual th'}]",,
C111,https://github.com/uf-mil/SubjuGator,SubjuGator,Commits,"[{'fe330e97de5e3885a61f7a84d9e3e4fd69eca107': ""in smaller alarms\n\n- ex: 'network-timeout', 'battery-voltage' and 'leak' might all trigger the m"", '312cc00f02a185ec68935b9ef95e7795e22f80a9': 'VISUALIZATION: add battery voltage and interactive kill markers', '4b886780fc893397663a67e19505609f31a2a8a6': 'ALARMS: Add variable battery voltage alarms, fix height_over_bottom typo', 'ce13f06322c6af740262942c246cbaaa32a30c77': 'ATION: fix rviz kill button with ros_alarms, battery warn color', 'f98df42cdc6c963404902194bfb654d4df1640bd': ""in the thruster driver.\n* 'maximum_allowable_power' was set to 600 Watts for all thrusters\n* Mo"", 'd059d5130ab646cf555c992ddce14ba8628fd548': 'THRUSTERS: add power to ThrusterStatus msg\n\n* Also update msg fie', 'e6bb0214778b90fa25019e264a57eaa74c32cb04': 'GNC: calibrate thrusters at lower power max\n\n* Calibrated all of the thruster models'}]",,
C112,https://github.com/uos/calvin_robot,calvin_robot,Commits,"[{'5344d41b2c0b7f5e216298c1f6ca5903a8cff1d9': 'add battery guard to calvin.launch', '55b36a93877ba2221337e2fe420798630aec4769': 'Merge pull request #8 from v4hn/indigo-battery_guard\n\nadd battery guard to calvin.launch'}]",,
C113,https://github.com/ut-ims-robotics/robotont,robotont,Commits,[{'b0080a57d0a18e16ec7fb9ace8ca2418da71858d': 'structure for custom materials (such as dark green)'}],,
C114,https://github.com/utexas-bwi/segbot,segbot,Commits,"[{'2be51bc63c8a451743dc20e2024e0fd3db9475e6': 'for visualization purposes -- also converted battery box to its own separate urdf file', 'd59261a1e3a2fa411cf4ec191e4f6db57e0f1f16': 'ChargeStatus is deprecated in favor of smart_battery_msgs', 'd7a0a76e1f3752d32b29dd8da27e8dcbc14f09e1': 'segbot_sensors: set unknown battery status fields to NaN', 'ff85e950ff106a0542f1907dc30482a59dd6f384': 'altered subscriber to read from smart battery pub', 'd53dbcedc38174566149c244eeaa5d82550d4090': 'added additional flexability to the battery_diagnostics sendmail node that will now all', 'ebbd1b8539a32bf7326e01198bdbc34efb09273f': 'added additional flexability to the battery_diagnostics sendmail node that will now all', 'a7a7ddc53f1bfd5f10696543eeecc5ac17a2a630': ""Merge branch 'max_battery_v3' of https://github.com/utexas-bwi/segbot"", '1b607ca9f5145bbe55aad9522dbeaafa7da97326': 'Merge pull request #60 from utexas-bwi/max_battery_v3\n\nBattery Diagnostics for Segbot_v3', 'c7a94f6edb046dc3a947c48fb3d93882797d4829': 't. Most functionality in place to generate a battery model offline', '82c8d6823b6e9f76968f0159f6caf23f4b4b038f': 's. Added python dependencies required by the battery_profiler.py', '5c4e38a7612007ff3e5d38b413f4540403211c3f': 'updated the battery_diagnostics node to use a battery model if ', '042638aae437d8506036eaeb290a511581fbc9c0': 'modifications to the battery estimator to accomodate values greater than', 'c8ff38bcb6c778ec7313cb669e47780f82716134': 'Merge pull request #63 from utexas-bwi/max_battery_profiler\n\nsegbot battery profiler\r\n\r\nLooks ', 'e8505b48ba695914ccfe960a4fda160936e10b9f': 'revert battery message commit (#77)\n\nref: 45a7ae4fe54de4e0', '3f2e3252721adb560f71ecdd6831e3f48eb48c56': 'Revert ""revert battery message commit (#77)""\n\nThis reverts commit ', 'ffee882c9aababc743ad95258e03a3a8648dfdcf': 'est #90 from utexas-bwi/joq/kinetic\n\nreapply battery message update with fixes (#77)'}]",,
C115,https://github.com/uwreact/frc_control,frc_control,Commits,"[{'241910c3f2d85fccd326b10b9749f59cf67deb07': 'Add dedicated match time msg and battery voltage', 'eca2a911a8dcd7f93fb154e5f73f135a2a122cca': 'Add PcStatsWidget to display PC battery & CPU', 'deec6fe3c22c74d41b18887d9ab99336384cead6': 'Update battery level thresholds\n\nValues based off of QDriv', '9e8a7f417e91a0fb4a23cb936cc2c6ed6d19a344': 'Add widget to control battery voltage display'}]",,
C116,https://github.com/vortexntnu/rov-control,rov-control,Commits,[{'15b1b268a3ef94c300ca0ddb3e2aa562477948e0': 'tead of set zero. Do this to avoid excessive power usage after shutdown.'}],,
C117,https://github.com/whoenig/crazyflie_ros,crazyflie_ros,Commits,"[{'d4c957a5a869be3c448682ada887dd99c655c669': 'add sensor readings for battery', 'e3e3f68793f91f331b1aaf10ed6dfae49b3f5745': 'run continuous demo\nand, for example, change battery of a Crazyflie without\nrestarting the compl', 'e9b330567c7501c11a285118d97444667b741734': 'add battery tool [from crazyswarm]'}]",,
C118,https://github.com/youbot/youbot-ros-pkg,youbot-ros-pkg,Commits,"[{'766eb3bcf8077389346dca5d562f93672dc07a4f': 'add youbot battery monitor', '55d86664339b50489b983d47bd6f674fdd442672': 'check also if one battery cell exceeded the minimum voltage level'}]",,
C119,https://github.com/yujinrobot/kobuki,kobuki,Commits,"[{'11907495891d4b70d880355b7c010f7264cef429': 'got rid of time - not used since we have no battery.', '713511b1bd9a40caaed06587c50736bece5af956': 'kobuki: battery status diagnostics.', '809882ebf9d02a291a43caa0e8d37b29899e15ae': 'Parameters added: min/max battery voltages', '047cf4313b15bec75bfd8ec6662ea1311790d6f3': 'Parameters min/max battery voltage added', 'c8f50d9521ac1f3c910a650637ec78b45f23ae29': 'fix battery levels, also make sure interactive was work', '97b98e1caefc6c3c50673a14358a2d4199d80c32': 'parameter configuration for level based battery.', '52ccb11ad4eb8bfee7e22e8ae1b28ec950c66eab': 'opard_teleop confirmed, yaml updated for new battery params, started bringing in gmapping launch', '96f4c892f0e1422b0515dcddf805cc9543c43d38': 'kobuki_node : Added laptop battery state publisher.', '8f0312c72d691c7fd617c37854b7baf54e449b55': 'kobuki_node : Updated laptop battery state publisher to support some laptop have', '426e0a1127480bcbbd0473ee0027994ea017d107': 'Added laptop battery publisher into minimal.launch.', '266f30e1999643e12263d4e02f5296e80878f950': 'kobuki_bringup : comment the laptop battery till warn spam is fixed.', '03660afb5917366cc6d57567e2f695450fd95feb': 'ommand structure and mutex protected. laptop battery monitor disabled.', 'a07e935f19067d45398830085da0ffa122167bd9': 'Include battery charge percent.', 'e34428db1df893b36e604f17156837af3ab380cb': 'kobuki_node : Updated laptop_battery.py to die when there are no battery info.', '841720ab97e442a11ae30b7abdbef07150e56c97': 'se or adapter\n - transitions to low/critical battery levels\n - battery charge completed\n\nWhen pl', '4ee29ce275d15a47578fd58a198832c79c75f8c2': 'Additional events: power system events and digital input changes', '85aabb0dea9bc912f3bcbb4ee83d7284f2ae414d': 'kobuki_driver : Updated to control external power breakers.', 'b83808448c59c5cc99b5087d831dc375808d5fdc': 'kobuki_node : Updated to control external power breakers.', '2db82f54622ecae23eb00c124cbf25b5d945ee0e': 'kobuki_testsuite : Added test_external_power.py.', '194abb79038fb56ed8d9352c97036d5f71161918': ' readability of text output of test_external_power.py.', '802f8772bf387f219317b3f9ff9ef53c68745ec5': 'tsuite : Improved usability of test_external_power.py script.', 'e5b94b9e4ea6815cd5920a06c00f0042afc50fb8': 'no laptop battery diagnostics here.', '71a890bc15832917adb47de291ad70f55ab4069e': 'ode : Updated DockDriveControl,py to display battery level and charging state of robot and lapto', 'df92cf9664e7500f017883e098055273fedd18c7': 'adjusts the external power sources callback to work with the new messag', '47414c53f00e9bbae7d9b53565b08edff5fe7cba': 'merges enable/disable into one motor power callback', 'd504270dd48c8c10f14c5fe31cea14d1ee0af0a4': 'adjust keyop to the new motor power changes in kobuki_node (plus some\ncleaning)', '36cb0e25b9b89659cf4a2dbe43b9d2c585919804': 'fixes disabling when enabling motor power mixup', 'abb4371da23aa2d170e052dd2060349917fb1d71': 'Make test_battery works again', 'f9fd3ff84a260dfa37de0e375bc952225f0bcac7': ' on desktop and laptop, and it allow various battery slot names of acpi system, such as BAT1, BA', 'b89bad9778415bed9563334234d683f9ed71d2bd': 'charging state for battery diagnostics, not just state, maybe android ', '9efb152f0f5e8d4542114390077ed5be12a76f0b': 'remove laptop battery because it creates a circular dependency, u', '54f8d0964a51e9c9119a6e7b6f8b02b660884e0a': ' : Corrected typos on doxygen about external power.', 'b76364c7eecc6d491c2fc837c20a0c339b7f5ba1': ' packet from doxygen. It is not for external powers and unnecessary for kobuki.', '8a729db54ee9a8b43f4634ab8052ddaa24d517fd': 'update diagnostics.yaml to show kobuki battery properly in kobuki dashboard. Fix #350'}]",,
C120,https://bitbucket.org/_Luc_/hand_control,hand_control,Commits,[{'6b27426ac74c0ad34a31ccfee926f94bef357d6b': 'green color'}],,
C121,https://github.com/LGD-Fr/hand_control,hand_control,Commits,[{'6b27426ac74c0ad34a31ccfee926f94bef357d6b': 'green color'}],,
C122,https://github.com/UBC-Thunderbots/Software,Software,Commits,"[{'5f6bf6e64ae166b06a4b2543ee51b86002176ef2': 'im\r\n\r\n* updated unit tests\r\n\r\n* renamed kick_power parameter to be more descriptive', '02caab567bd108dc95226d495103476411087fbe': 'rmatting\r\n\r\n* added comment explaining wheel power in directwheels primitive, removed some unne', '6ce5a549228e0f2d62a6a68a2c2cffb0ed9bd5ff': 'rmatting\r\n\r\n* added comment explaining wheel power in directwheels primitive, removed some unne', '2ce382876cb2b1e6b287f135ff606f3248d8523e': 'rmatting\r\n\r\n* added comment explaining wheel power in directwheels primitive, removed some unne', 'b1f926931d9d518c5accb0b43ee5a1a154dda370': 'rmatting\r\n\r\n* added comment explaining wheel power in directwheels primitive, removed some unne'}]",,