ID	URL	Repo Name	Collection	Commit Info		
Commit0	https://github.com/aau-ros/aau_multi_robot	aau_multi_robot	Commits	"[{'af8a517e1cdaeb98f8f1aac31ef6ca5d4b8434cc': 'added new strategy which checks the battery state', 'b3a4db1f42026342cf599cc8930b45be445f193e': 'Robots now drive back to home when energy level is at 50%.\nWhen the energy level is ag', 'ba22c0f52238381061c5e2d28e707dafc279f1f0': 'add a function that calculates the the energy consumption\nand the traveled distance so far', '6a3a3785cac2e64be0bd0f88d08ff258435188f7': 'vert ""add a function that calculates the the energy consumption""\n\nThis reverts commit ba22c0f522', 'ced213515b881046df3ec8e04000c20072a15e75': 'Revert ""Robots now drive back to home when energy level is at 50%.""\n\nThis reverts commit b3a4d', '22648d3833fdae16fe5f7315fa203e8392695a87': 'Revert ""Robots now drive back to home when energy level is at 50%.""\n\nThis reverts commit b3a4d', '297421c79ab6504526aecd36fb80679c2202f8f2': 'Revert ""added new strategy which checks the battery state""\n\nThis reverts commit af8a517e1cdaeb9', 'a4acf91fb601faa27e1a8595da073443d445fd56': 'Revert ""added new strategy which checks the battery state""\n\nThis reverts commit af8a517e1cdaeb9'}]"		
Commit1	https://github.com/AutonomyLab/ardrone_autonomy	ardrone_autonomy	Commits	"[{'784df9925e18af0fde747f772ab61bf7cb05e08c': ""ding testing, I've flown with this for three batteries, with `fullspeed_navdata=true`, `looprate""}]"		
Commit2	https://github.com/AutonomyLab/bebop_autonomy	bebop_autonomy	Commits	[{'af94c6ab9ec4398f4d0137d8774cea46294b8e52': 'dundant IFrame wait test\n- [Tests] Fixed the battery test issue with Bebop 2\n- Tested with Bebop'}]		
Commit3	https://github.com/AutonomyLab/create_autonomy	create_autonomy	Commits	"[{'46bfbdf19fb33e73a1426815d2f7aece8a621c65': 'Add battery info support', '7a77eaa09d1136486c3e266992b337a574cfbc68': 'Merge pull request #9 from AutonomyLab/feat-battery\n\nAdd battery info topics', '1ffa09c69b198074a3cf15dbe012370226426004': 'Compute and publish battery charge ratio', 'd7bffabe38a15935526a0a31380497e1d317e68d': 'utonomyLab/charge-ratio\n\nCompute and publish battery charge ratio', '7c5c37626de356a0b0ca70cfb7138752e2505e55': 'Fix sign error for battery current and temperature', '8f3adbd3927aa8a48d0957fdeb26e1848b62bb58': ' AutonomyLab/sign-errors\n\nFix sign error for battery current and temperature', '44f2cd632e99b669e1c628f3db7fdf5dd6fa3784': 'Change message type of various battery info topics', '2d75df55f1b101887a107c05298701bf142eb9b3': 'Move ChargingState publisher with other battery state information'}]"		
Commit4	https://github.com/AutoRally/autorally	autorally	Commits	[{'200dae98ceeaac8e27c0fa995c98887bcc0e6144': 'icate whether it is synchonizing to a clock (green) or not (yellow)\nCloses #44'}]		
Commit5	https://github.com/autowarefoundation/autoware	autoware	Commits	"[{'d68fd3fe072377ecf05f3eccc50cf86077c81391': 'Create red and green lanes from waypoint_saver CSV', '3f0fb43382163b5a68fa566b638c9576c85c9f20': 'Merge pull request #510 from CPFL/create-red-green-lanes-from-waypoint-saver-csv\n\nCreate red an', '73d9c39ca562d1d2fcd726d6f9b4690b01d1939b': 'Publish initial light color as green', '4f10211ed784ae49cb9421d93e818bf8a0842c9f': '_light_color\n\nPublish initial light color as green', '56c9e1786e649bcb15649c98af03404019491067': '\r\n* Add bettery charge [%] topic -> /vehicle/battery\r\n\r\nSigned-off-by: Akihito Ohsato <aohsato@g', 'ddc9eb90a73fe242f3711406c4c5a57f744837d1': 'add battery charging state (#2256)\n\nSigned-off-by: Azum'}]"		
Commit6	https://github.com/AUV-IITK/Varun-Software	Varun-Software	Commits	[{'4816c6fcfef2debf346a77a83c9cc0b785133d21': 'added buoy green model'}]		
Commit7	https://github.com/bayesian-object-tracking/dbot_ros	dbot_ros	Commits	[{'e16d792db8121b2a03b59a07ae98556432a2028b': 'Updated tracked in object.yaml to impact_battery'}]		
Commit8	https://github.com/BCLab-UNM/SwarmBaseCode-ROS	SwarmBaseCode-ROS	Commits	"[{'63167eef4d8e8194aad89b1918dcb702eaa4d183': 'eeded for Swarmathon\n- Deleted rover_onboard_battery, _health_status, _mapping, and _path_planni', 'd5c719be923d032e49afa4aba2eb9703464a3781': 'Can now add a power law distribution of 128 targets to the simul', '891f565e8583a11fbb63db81d401d360f0fe5d4a': 'distributed and clustered targets as well as power law.\nCan now place up to six robots dependin', '6b2adf11b1bc959146a79a8db075a1b682f5f252': 'Changed red and green in the map to be color blind friendly (per K', '73de43cff99b4133b4e3c51b7a4ca049538c0210': 'ts and one cluster of 64 targets used in the power law distribution. This distribution was inco', 'b300442df02ea020fe740c7492ba896271a4db0c': 'Fixed powerlaw tag placement.\n\nThe powerlaw tag placemen', 'c02f30b695027de06baa755996f6f2d665c60b47': 'ore meaningful\nWeighted red twice as much as green in the color calculation. This makes the lab', 'b3beea3228c6b26beb3da0db0fcb8a2994c402d9': 'e default rover colour in the UI from red to green\nThis is in anticipation of using red to indi', '9d0f20bafba91cd7fea74e9568e373a505c8148d': 'disconnected rovers red and connected rovers green.\nI changed the code flow in the rover pollin', 'dd0cbd7280b9555aa452b6f416fab4952234c6ba': 'Bug fix: do not set diag UI colour to green on status receipt\nTHhe bug caused the color ', '03a3c0d643a7718ec2a90a65ea94d096cbf7fec4': 'Implemented power law distribution for single Cubes\n\nThe power', '8fac60ef4890614b1bd05fa0fe8544db0924801c': 'Added powerlaw example competition world', '6eaf5ccb12839f2960284ca4131b34ae13cc2e7c': ' Integral constant a little to help with low battery state and attempting to aline to a target b', '8c77ba068c60b382e73e0dda30a07928135a81d3': "" into sendDriveCommand resulting in constant power to motors but the rover wouldn't move. The ""}]"		
Commit11	https://github.com/craftit/DogBotSoftware	DogBotSoftware	Commits	"[{'5110e6bfb85e0ff4e53742cca33f365d9116ad29': 'Fix sensor power control.', 'd4cdfaf34ff7c69bc5950fba4d87467c1c0b0c07': 'Try and avoid any movement on power on.', '50c060510b7787b50daa2b1220913e03a2e049e7': 'Add supply voltage calibration so we can set battery thresholds more accurately.', 'af5f333a359f5580b2610af912545ca0f0efe8ca': 'added help info for battery operation', 'a7120eedd74c8874f5fa00b1134b644384108611': 'fix for battery description', '5e98c48a1dd2eb10b808cb621e3c6681e5b206d7': 'Update for 6 cell battery voltages.', '71b1937f6c66a49d6e536a1dc8ab5672d3c2cf99': ""Don't allow a powerup from ready.""}]"		
Commit13	https://github.com/edinferno/edinferno	edinferno	Commits	"[{'1ecd3f6dbbf81fbb0b603e378e3465c169853fe4': 'er class, publishes if Nao is un/plugged and battery charge'}]"		
Commit14	https://github.com/ekumenlabs/tangobot	tangobot	Commits	"[{'4a9053b88c3bb3f8fecc07901ce5599071c170bb': 'Adding battery publisher node\n- It has to be split into tw', '929699a067545c2d488d94dcd2b704eafe50b356': 'Splitting battery publishers into two nodes', '63666bb82315c7fb0f88076c1e898dc47659a2fc': 'e pull request #127 from jubeira/dev/publish_battery\n\nPublishing robot and device battery'}]"		
Commit16	https://github.com/EndPointCorp/lg_ros_nodes	lg_ros_nodes	Commits	"[{'19b093826baf50a1ca45816bb33743824f97aaa6': 'gging done... Longer sleep needed\n\nTests are green', 'ca3cb15d680e58baaf0e358da59dbe99aa0e1c4e': 'KMLSync - test are green! yay!', '7ec8d995a384d62c4ab261f6c79581538ba151e2': 'KMLSync - test are green! yay!', '724268a810aa78dca0f4274a3d26739db1fbcfd6': 'mlUpdateHandler timeout time.\n\nAll tests are green again.', 'd152adb27b5c5b80c6d5ae28c60d733a54ca83b2': 'Tests are back to green again\n\n* Removed the last test we added to c', '7b3fcb386ef61b415d5bd89012108fb47899dc16': 'm EndPointCorp/issue/27\n\nMerging - tests are green', '0108b1703a54f82d85514a90c2bbea5c75f7b8c0': 'Make tests go green, I hope.', '36dc71a36eadadf3cba2f65e7859021fe7834905': ' to testing suite of lg_mirror to make tests green again', 'd66bb905e33b213c143f4a2d207196544d57549e': ' to support)\n- amended tests slightly to go green', '1ef691a9453d9568e993c6a8d00a47982ac90cb5': 'image_viewer: pqiv and feh\n\nOur powers combined!'}]"		
Commit18	https://github.com/evocortex/optris_drivers	optris_drivers	Commits	"[{'0c80437dea6fabd3bbf6a9f875486332802892bb': 'ed features:\n- box, flag, chip temperature\n- energy and temperature mode\n- force flag trigger'}]"		
Commit20	https://github.com/fkie/multimaster_fkie	multimaster_fkie	Commits	"[{'9b7537f84739ed58894cdc6e8cb2b19b389cc29c': 'node_manager_fkie: added poweroff command to the host description', '38e82ad9a8c992a87377c7b62538dcb2da1761f1': 'ger_fkie: stop /master_discovery node before poweroff host to avoid timout problems', 'b0f6abe3a9158243c7679767b29468d9897e66b9': 'node_manager_fkie: fixed poweroff host'}]"		
Commit23	https://github.com/gtagency/buzzmobile	buzzmobile	Commits	"[{'9fda6b6d13f92b496da11d7c43e89be3043610ac': 'rned, anything beyond that will require more powerful\nstiff or some personalization.\n\nAlso yiel'}]"		
Commit24	https://github.com/IFL-CAMP/iiwa_stack	iiwa_stack	Commits	"[{'b6a8796d29259fd6663c6f8860184e27abd87da9': 'Use powers of 2 for decimations', '108b42682b19d01aa3a8d0dd30f79b4424f78a50': 'rom sven-hoek/development\n\nPublish state of (green) Media Flange button.'}]"		
Commit25	https://github.com/inomuh/evapi_ros	evapi_ros	Commits	"[{'96aff7c29aa2d870bfa63916c9eec6bfb17ed0f9': 'update dependencies for teleop and battery package', '71847c464ae192c1c52e8bbb234a40e9a9359187': 'add voltage and battery msgs', 'a355cd6a4820df1c81b341c689da7371b4dc1f8a': 'add battery sensor'}]"		
Commit26	https://bitbucket.org/internationalauto/auto_guidance	auto_guidance	Commits	"[{'2ae3fd3b1ba3ee526fbb90467c44b8513087046d': ' follow one path\n\nToDo:\n- error_codes, stop, battery_level\n- several paths'}]"		
Commit28	https://github.com/ipa320/cob_environment_perception	cob_environment_perception	Commits	"[{'9c644c689393934895a7185e304f43b5418ab2d2': 'renamed msg + added energy value, encoded as XML', 'd58fc0b050f5f34b9e2742e194c347fa0301309f': 'renamed msg + added energy value, encoded as XML', 'e2936eec9c64a3d67ba25c60ae53b56d19b0f002': 'introduced energy factor', 'fb82f1f58f70466b74ef2f1f4bd2415a17a81e2c': 'changed energy_order'}]"		
Commit29	https://github.com/ipa320/cob_manipulation	cob_manipulation	Commits	"[{'93fca832339e70d96b5672c6d4c61b6592622867': 'powerball changes', '6dae233f86e082bb2db3d79d3275a275c8aaa549': 'powerball changes', '28834b9b1f5ec741541e5d1153c2e563f8d4f63d': ""ic_dev'\n\nConflicts:\n\tcob_manipulation_config/powerball/collision_map_sources_kinect.yaml (solve""}]"		
Commit30	https://github.com/ipa320/cob_command_tools	cob_command_tools	Commits	"[{'a548132e07a44e139255b11f0d3c6bb363c9af21': 'version of powercubes with trajectory controller', '86c91143314fe0d24fdb53ae9f003e1452004698': 'changes on powercube chain to accept direct command without a', '09cc53dbb176fc0cc0f2c1db83f0b1147f560d86': 'source documentation for cob_powercube_chain and cob_sdh', '80d89c3302fc54ae79c608acce0642b0aa5ffafd': ""Merge branch 'master' into powercube_restructure"", '60c1ec0364496ec208ed6b3f960dcf908168f5e9': 'cy stop message: misused wireless field from power_board/state message as scanner stop filed', 'fa2e5480793e09b426331c16aa00a22c60568271': 'enhanced battery monitoring', 'd91bae8dc2819e1a465cd1b1cf52b6ecb22ff6b3': 'cob_battery for dashboard', 'db673ee236b6713e7e73869f8eb40ae0e8bf5b21': 'Update battery_monitor.py', '9a16b285fd8df83b105caa23a90937780fa2eda4': 'use aggregated power message', 'e0b0f37aca14dd6d3c1b7184d442bbb8708c1867': 'ge pull request #129 from ipa-fmw/aggregated_power_message\n\nuse aggregated power state message', '8f7d7a3f09b3bbe2d7a48126af021ac4ff13bce5': 'use cob_lights track_id in battery light monitor', '1936a73f2a06f07dabcfb514d92098995d67d0dd': 'Merge pull request #130 from ipa-bnm/feature/battery_light_mode\n\nshow charging progress on led r', '23bf0b751b213e3bd4bacf3697d956b43a45cf81': 'add say output to battery_light_monitor', '1edb801c2ea3ba5f86d34ae4b7ef24e71fb570d1': 'combine battery_light_monitor and battery_monitor', '32f36779e57a641e403456ea1cfa859cc10f7d81': 'configurable battery thresholds', '82341e249b3ee1a0d6ab1db0a21b4e55f8b312fb': 'stop charging mode if no more power_state msgs received', 'dfabba724bfa5a4f788cd23c6a6320ce6eca55fe': 'battery_light\n\nstop charging mode if no more power_state msgs received', '0cbee51b505389b6e38bf73e10c790014e7665df': 'Merge pull request #150 from ipa-bnm/fix/battery_monitor\n\ninit light mode object', '5264116cd24dcc24e0db34fe67ab5bb1756f35a5': 'increased battery_monitors led prio', 'e5087edcca557b53d0280231f0c890c09d0609db': '153 from ipa-bnm/feature/led_prio\n\nincreased battery_monitors led prio', '42942b49d619e4150189651e6e502d16caa15d6d': 'allow to configure battery monitor notifications', 'f56446a231d5d914ee4edb74229234fd804b6790': 'fix format of battery minutes', 'd7059772c2ffbe35017d7719c1d0a34c57c0061b': 'annesBachter/fix/batt_tooltip\n\nfix format of battery minutes'}]"		
Commit35	https://github.com/ipa320/srs_public	srs_public	Commits	"[{'ef410ca7b18addb02561263a54d4bc1ff06f6eae': 'position update: pizza box nav1, green tea removed in nav1'}]"		
Commit38	https://github.com/jhu-dvrk/dvrk-ros	dvrk-ros	Commits	"[{'57c2eb3fb749285afc019d3f13776c963b8f09c6': 'utorial files in separate directory, updated power_on and power_off examples to use module', '30f5cb8a764fd16946aa59a391df86bd975e9078': 'dvrk_python: added console class with power_off/home/teleop_start/teleop_stop/teleop_set', '89f624435786af4f1ba2a126ca0110366e04b873': 'Added topic to power console on, updated Python/Matlab wrappers'}]"		
Commit39	https://github.com/jitrc/eklavya-ros-pkg	eklavya-ros-pkg	Commits	[{'8732859761df75f599b0cac0063eff0052525a3e': 'powerful laser'}]		
Commit40	https://github.com/jsk-ros-pkg/jsk_common	jsk_common	Commits	"[{'179ab3e90898c57715c5bcc6fc9372b89533312a': 'add battery full capacity summary script', '96cf472297e8c952a4a4637bd59fcf3a774b7ffd': ' request #618 from aginika/add-full-capacity-battery-summary\n\nadd battery full capacity summary ', 'a63ced4051a95399ec6d1f0cb564f760092af147': 'add hardware id tp battery capacity', 'ccf12b8cbc6b7ea5da99adff9846a8a13e4612ae': 'request #626 from aginika/add-hardware-id-to-battery-summary\n\nadd hardware id tp battery capacit', 'dee622635bcaab46b8518bb4e31f328c2b54e0b2': '[jsk_tools/bin/battery_capacity_summary.py] more battery info', 'b4d05b37c8c57039293be3f301295d94f936f6c4': 'Merge pull request #1329 from furushchev/battery-info\n\n[jsk_tools/bin/battery_capacity_summa', 'f27de649984b67957854a43a68c8cf6b7ecedd7a': '[jsk_tools/bin/battery_capacity_summary.py] print N/A for non avai', '17472e43e2e8c25fbd0af908964a20d2a9c8e685': '342 from furushchev/print-na\n\n[jsk_tools/bin/battery_capacity_summary.py] print N/A for unavaila', 'ad38c893ae0161f5ae2db273b53516e1f3e5576d': 'battery_capacity_summary.py: fix order of columns', 'd965ae9f0ea0c592ea583838e788dd46448188a1': 'equest #1619 from furushchev/fix-batt-order\n\nbattery_capacity_summary.py: fix order of columns', '046aca85dd1387cadc13f44c0725bae3111d1e93': 'Show unit of full/remaining capacity in battery_capacity_summary.py', '0b6690df6adf1c94883b5399f961694866460d51': 'Show voltage as well in battery_capacity_summary.py', 'c689a8e90e7b68b0ce6bb10681a380023ae5758c': 'Fix output format in battery_capacity_summary.py', 'c835cb41aae2d506e3ac5a21e151b3094e5cfb3b': 'mi/show_voltage\n\n[jsk_tools] Show voltage in battery_capacity_summary.py'}]"		
Commit41	https://github.com/jsk-ros-pkg/jsk_pr2eus	jsk_pr2eus	Commits	[{'e34aacb7afdbbdf3c543bef95df3065858b7590e': 'modified time-limit for low power PC'}]		
Commit43	https://github.com/jsk-ros-pkg/jsk_roseus	jsk_roseus	Commits	[{'152ec538d566de6bfe51d9c38ef8a967de4c4c21': 'write version information in green'}]		
Commit44	https://github.com/jsk-ros-pkg/jsk_visualization	jsk_visualization	Commits	[{'5bfce638fa6b3c03c7a90f00b77217652da2a694': 'added display ambient sound power'}]		
Commit45	https://github.com/KCL-Planning/ROSPlan	ROSPlan	Commits	"[{'8b663b1d5cdfd3930357277415c48d287ce7a08b': ' graph edges in colors: red for start - end, green for conditional edges, blue for interference'}]"		
Commit46	https://github.com/knowrob/knowrob	knowrob	Commits	"[{'2a2b42a356fbdac8aecd10e4fd443630029254b4': 'mod_localization and mod_battery_state are added.\n\ngit-svn-id: http://code.i', '0f32ff2b589a3faa7596f9a5dc16838999aa10f5': 'mod_localization and mod_battery_state are merged into mod_self_info. mod_se'}]"		
Commit53	https://github.com/mavlink/mavros	mavros	Commits	"[{'08ae1cc15783a7b1b69cf2176079f5a2c6c88bd2': 'sys_status: Add battery status monitoring\n\nFix #19, partial #16.'}]"		
Commit58	https://github.com/OSUrobotics/ros-3d-interaction	ros-3d-interaction	Commits	"[{'54363e55fb8ccceeea5867c738b04a799bb5e975': 'green circles for selected object', '4aa73fe2737b2cba844d07b53b021c000b30eded': 'Node to find the 3d point of a green laser pointer dot. Works, but is pretty slow'}]"		
Commit60	https://github.com/OUXT-Polaris/robotx_packages	robotx_packages	Commits	[{'69f94da6a7829a3e83f835d8e84be9ecbdf31d0a': 'enables plant green buoy'}]		
Commit62	https://github.com/pantor/ros-control-center	ros-control-center	Commits	"[{'becfb2e4123e15d8f00fa6d4edfe6667be018197': 'new screenshot, battery view, better overflow', '34d1ea9a13f622d8a39b51f18822a73fc86e48bb': 'config example battery topic', '32eef4d274aae34f760512d437ae20e8d888e28d': 'battery status bar, fixed undefined error', '46b24d1b05d7c142de655926a683c1babf1892b4': 'Changed battery status to std_msgs/Float32 type', '6e847f1910f53a01893045d8ba3a4b1a62a95653': 'battery status percentage', '52e6632c2fff6b7bb813aaf0673da666b8476c44': 'battery status formatting', '4f07580fb4dfd0af1413af490596f93d5a09a9d5': 'set 0.1 version, added batteryTopic to settings, changed directives to use', 'fdbb208a6a9467f48e4cb3948f54269804900539': 'added no battery data yet view'}]"		
Commit67	https://github.com/PR2/pr2_self_test	pr2_self_test	Commits	"[{'fc3492e3b83e8a0203a0c0da243bd7004800d1a0': 'Added command line option to power_node ""--serial"" to filter on a specific\nseri', 'f01518a8e777fa2209e25e7001a3ccfe7bd0e82f': 'Added power_monitor to dependencies.', 'a078175d58665239924b241e07bce6d137c4c848': ""d forearm camera configuration, doesn't turn powerboard on/off"", 'cd1a834e36674672be6002364fc039df51025a84': 'Forgot to disable power board for wge100 config scripts.', '57a67418d77a30937986c92e9209bd925217fa2b': 'Auto power start, use bays, GUI changes to Test Manager', '3ae2bf855ddd3984b6c92ba9690bcc21289d6a75': 'Patches for qual tests: fingertip axis fix, power cmd exception fix, drop test fix', 'b852cc061d0ed4ecf00c2d2961414701b29e88df': 'Changing name of power board service in prep for #3216 closing', 'e75b0fe7da8f32e4eb662f3f749377dcd88c0f02': 'ower commands have moved to new service name power_board/control', '3000f6056e0dc871e994f44c6406d316294102dc': 'Qualification system now correctly loads power board breakers for each station', '73b1d04eeeb14e90468e2eb6ccbe731b9c7a6001': 'Warning power users about inventory access in debug mode f', '5ee56bbcfd1d42a9b09d197c9bf21612a537bdfd': 'Corrected name of retval in power board error checking', 'e3ae586bcfdd73cfc67a8905290399c0bf108e8f': 'Added check to slip ring power connectors. #4254'}]"		
Commit69	https://github.com/PX4/avoidance	avoidance	Commits	"[{'1cc98875d0b0a1560271fef9b6226113444d5577': 'add powerlines models and wire model', 'd122f62c3c97813f6f7112bb5bfc0c63e9dc151f': 'add world with powerlines', 'cd5e5eba242279bf093931a42b351590688646b9': 'remove all powerline related part of the local planner algori'}]"		
Commit72	https://github.com/redbirdrobotics/ros_redbird_m7a	ros_redbird_m7a	Commits	"[{'531de6dddb5db097ca272f2b35d4620f7db3b9e9': 'created greenRobot node', '2813ade4dc816a92f4d33df88f5a16829ad7e1af': 'made red and green robot consistent'}]"		
Commit74	https://github.com/RoboJackets/roboracing-software	roboracing-software	Commits	"[{'0d6d10da2cac898c3595a866ba839757131ca773': 'get start detector to find green', '29c4ce4f2b99677529c20bc6f26c38027407c24e': 'Changes /green_light to /start_detect in IARRC nodes for AV', '9e534cb23557d9223e318eb875b2c67db69acff8': 'Changes /green_light to /start_detect in IARRC nodes for AV', '0a56109a9a1c5f879af7983e3ffe3ca8ce118bda': 'neural-net-powered planner works for the first time', '9265eba957be73e7b1298666d3ad6f4c380aa55b': 'Improves green detection and adds launch params'}]"		
Commit75	https://github.com/robotican/lizi	lizi	Commits	"[{'a86ef6fe4aa28034cca55b12e268a77efc6ac362': 'added ros battery and gps topics + minor fixes', '12459940200771f8c926609d456c10b70019bb0e': 'publish battery on any state'}]"		
Commit76	https://github.com/ROBOTIS-GIT/ROBOTIS-OP3	ROBOTIS-OP3	Commits	[{'0f2b93a06c629e699b0cb8f058051b6fd52f0c24': 'added function of reset dxl power'}]		
Commit77	https://github.com/ROBOTIS-GIT/turtlebot3	turtlebot3	Commits	"[{'5d9f848b19b093db61947a76562fa43087b44542': 'added battery voltage msg and info', '04dbbe2a0d6ee9dc0fe0eb708d414f10348a76c2': 'added battery voltage msg pub'}]"		
Commit78	https://github.com/ros-industrial/fanuc	fanuc	Commits	"[{'f980872cb2e63a57dbdb07f3eb8fc1030888da22': ""Report UNKNOWN values for 'drive power', 'motion enable' and 'fault indicator' unti"", '1eacd46c330d3028329f7cdeb5d0e780a3643136': ""Clarify status of 'drives powered' and 'motion enabled' fields."", '4906bdec9e56408c9cdacdd7fd211566bcb6c637': ""resources: add 'collaborative green' colour."", 'a59ab30dd1c19b243df1a92202f5887c276c8e22': 's: add better looking approximation of Fanuc green.', 'be7d0c43de25285dad6f4e762975b3659767f38b': 'cr35ia: use approximation for green links.\n\nThis looks much better in RViz.'}]"		
Commit79	https://github.com/ros-industrial/fanuc_experimental	fanuc_experimental	Commits	[{'1d940831683db2b062e48028d5a92426084a9238': 'cr35ia: use approximation for green links.\n\nThis looks much better in RViz.'}]		
Commit81	https://github.com/ros-industrial/staubli_experimental	staubli_experimental	Commits	[{'e737f7032f794889fd93c07dce1b55a6b31b2b86': 'Check for e-stop and power up drives (if in remote) before starting tas'}]		
Commit83	https://github.com/ros-perception/image_pipeline	image_pipeline	Commits	"[{'fdf72f3546ec943eb59b708c07604e34270e8fbc': ' 40+ samples, even if not all parameters are green. Should address problems from http://answers'}]"		
Commit84	https://github.com/ros-perception/laser_filters	laser_filters	Commits	[{'9a38a7ea2791443cbad38bc00025bc6d616d10d0': 'ter\n\nScanShadowsFilter required a lot of CPU power mainly due to atan2.\nThis commit reduces com'}]		
Commit85	https://github.com/AcutronicRobotics/moveit2	moveit2	Commits	"[{'2ab8de38e295d4084f75440c0cd4ecc60bac9b62': 'istant: highlight allowed collision pairs in green\n\nThis adds support for highlighting links in', 'd3cedff4e69591a7bfe4b0cb5a9ee3ab05ffe79e': 'ion widget: highlight collision pairs in red/green, allow keyboard selection'}]"		
Commit87	https://github.com/ros-planning/navigation	navigation	Commits	[{'76712c964e9b4fd7134f973a99f35d8b57167310': 'om vrabaud/kinetic_cmake_fix\n\nmake all tests green'}]		
Commit90	https://github.com/rosflight/rosflight	rosflight	Commits	"[{'9d6f3fae4c85e2180bb9e4be82f4635d74db2958': 'Use newest mavlink to support battery status messages', '742373ca3638f41e64f5b9172bb33c8f28ee7527': 'Add support for battery monitor messages', 'ffb9d98e2ddf6c7595bee04ecf87da06414bc9ad': 'Add battery monitor support', '1ab4f8bbb7173b598de814fc115d6b2809305203': ""tracking branch 'remotes/origin/master' into battery_monitor\n\n# Conflicts:\n#\trosflight_sim/inclu"", 'e56e21540828636ea2e190ff600252a5c812dec7': ""Merge branch 'master' into battery_monitor"", '3f8c13e7987b592e6e43e6b16a3e2ed0fd36ef9b': 'Merge pull request #119 from rosflight/battery_monitor\n\nBattery monitor Support'}]"		
Commit91	https://github.com/rosjava/android_core	android_core	Commits	[{'ab480e81f77d07757183ad045496ca735f26664e': 'r to resize maps to have dimensions that are powers of 2.\nAdds debugging hooks.\nFixes OpenGL er'}]		
Commit92	https://github.com/rospilot/rospilot	rospilot	Commits	[{'5cac07dde5600f1fc6df0ceb6ebb83b242b7708c': 'Add support for battery voltage monitoring'}]		
Commit93	https://github.com/RoverRobotics/rr_openrover_basic	rr_openrover_basic	Commits	"[{'a38082f4fdfebbf1d311498faf1f00553939bbf2': 'Added data about battery health and status', 'bd8607e5493ffeca49ce399270f608c9f233320d': 'Added the new battery data to inorbit publisher', '86697b0962f5b6f14d4ee854326a01c27d882423': 'e pull request #4 from RoverRobotics/feature/battery_status\n\nFeature/battery status', '92f8894a44812c893d5dd6b9ba2fc886c70b96be': 'Add battery current and battery voltage to OpenRover', 'f808ae55e1d76d3e784ed384bf37d41e652e39b3': 'Add new power info to diagnostics', 'e27e888352cae7c0bec6f90ad36619a7354c3515': 'Move battery status to its own message.', '52d7cbde9cc055684ad87199ad677b95d60581d3': ""Merge branch 'feature/dan/more-power-diagnostics' into develop""}]"		
Commit94	https://github.com/sbrodeur/ros-icreate-bbb	ros-icreate-bbb	Commits	"[{'923d79f9d92c0e96278823931931a002c05bc81d': 'Converted battery topic to simple BatteryState message. Remov', 'dfd64de36499c0841b57a91016698ef320aeb91e': ' complete for most sensors\n\n- NOTE: that the battery percentage and status are not supported yet', '6fccca0c95cf8a8c68a45bc7475b725c780d4353': 'alization\n\n- Added visualization support for battery charge (mAh and percentage),\nand battery st'}]"		
Commit95	https://github.com/seed-solutions/aero-ros-pkg	aero-ros-pkg	Commits	"[{'420423ab76d3205d4af09b050c6fc4eb1820b123': 'fix how to tell grasping power to AeroHandController', '6e4f32da7e48a25e1956b63273bf7d29e79544dd': 'decimate wheel_base, remove battery detail'}]"		
Commit96	https://github.com/shadow-robot/sr-teleop	sr-teleop	Commits	"[{'7731ed685a61a44156cf06cde7a9f0a9cffd5dca': 'brary to cyberglove/python_lib. Modified the green_palette for a lighter green.', 'e48965f9478591694e73ddd1eeb5ab9e7b1cf4c7': 'lp:802648 red if not calibrated, green if calibrated.'}]"		
Commit98	https://github.com/sonia-auv/proc_image_processing	proc_image_processing	Commits	[{'384e6af81e1675e45a234b860c8039c361489591': 'Adjust green buoy + new filter'}]		
Commit99	https://github.com/start-jsk/rtmros_common	rtmros_common	Commits	"[{'94a46779e53867c17a3eb199a96fe9d4f63dd200': 'fault rate to 10 ; this process consumes cpu power so much', 'af72bee177c1d216f43d9cd9499c99a2319aad75': 'add power indicator', 'bb825b2910e0cef86ab26083d9f2f65528777851': 'add calib done, power on, servo alarm message to diagnostics', 'd932c867a39570b867cfd375d7056e1eb0209c75': 'add use_diagnostics, use_rosout, use_battery option in __init__'}]"		
Commit100	https://bitbucket.org/Tabjones/pacman_vision	pacman_vision	Commits	"[{'23094be38071b151ec949cdcea23f6d50380fdca': ' just barely started.\n\n* Lets make it a mode powerful node that spawns a thread, like a module'}]"		
Commit101	https://github.com/bluesat/owr_software	owr_software	Commits	"[{'dd860c246fa53250131aff0a5aa21cde62a32e08': '[hector_map_server]\n-color end point marker green\n\ngit-svn-id: https://tu-darmstadt-ros-pkg.go', 'ea415835a74f8689871b5da7b7a1788cc5767e25': 'For #28, drew some more things like battery and signal.', 'c0fa4cdd11bedbcb6cdaae99a26427734de45ec6': 'For #28, battery and signal now dsiplays properly, also adde', '4cbf2920d8ce61c34ce4b2b02a37e3d13142db85': 'For #28, better path generator, animated battery and signal, keyboard arrow key control for ', '4511420d7d430d81e3f7a3825940c834927dfe1a': 'For #28 and #29, intergrated battery level ros_msgs into the gui. Created test d', 'c2c9eeb3c8b1b7d01322913c6ca993d8e47a2df6': 'Added battery voltage reading.', 'b8ab86e1e9f9ad578d650efe57602a839da245d4': 'Fixed scaling for the battery voltage reading.', 'bf65bfffaebc72ed07ca8595d8b01857353ded15': 'time 6h Completed displaying claw numbers in green box.'}]"		
Commit102	https://github.com/tu-darmstadt-ros-pkg/hector_slam	hector_slam	Commits	[{'dd860c246fa53250131aff0a5aa21cde62a32e08': '[hector_map_server]\n-color end point marker green\n\ngit-svn-id: https://tu-darmstadt-ros-pkg.go'}]		
Commit103	https://github.com/tum-phoenix/phx_quadrocopter_ros	phx_quadrocopter_ros	Commits	"[{'eeae11301302803fab9b9eccadd2ed7cc032a326': 'implemented batterymsg, euler to quaternion conversion', '8f08615788e4ab4cf81439f173ea40745181988b': 'hanges in ros_com changing import and adding battery msg.', 'c05ac586132b7e17855070bac2e9d369c293ae2d': 'updated ros_com for battery msg support and cycletime, both working now', '2cb06b774b33acbf91e48d30af956bf3eec1360d': 'bugfix battery', 'f491d8269e51bc2271c67e6eb44ab13158b7ac2e': 'changing battery msg_code\n\nadding MessageDirection ! for err', '5cbbd6c875162e58919ca3c91d459d93ee57b60d': 'added barometer altitude status battery messages'}]"		
Commit104	https://github.com/turtlebot/turtlebot	turtlebot	Commits	"[{'3f5fe1dc7042a1252551884002ebacb4cf675038': 'laptop battery status diagnostics', '26313943003a7dd0a91a75a4905dcaf63128aeb7': 'fixing laptop battery stats', 'd30b4804e21751b12cb5ab2442f18d21548ee150': 'turtlebot_node now robust to robot power on and off. It will wait for USB port to ap', 'f656908ac1eaf307fb758362b7061bb276b7884d': 'moved laptop_battery driver into minimal', '7071f8d92fe979461263e0cfcbae54f4ab61c7e1': 'Rewrite of laptop_battery_monitor, #98', '7c3a96d01c6ba800a940b446222b2945b9866a63': ' the turtlebot_node is not connecting due to power button off or when cable unplugged', 'a67ef5e821ca1d6b38aca521ed2bc8c40393b0a8': 'adding critical battery level in full mode restart 15% battery will', '51808acf20c11f11cd92f9d3cf0e9a4b52ebd270': 'adding battery path example to launch file', '7581608ddd51a0c3d770566edd431a4255322823': 'bugfix the laptop battery check.', 'b17f0829899a589095eb46c622dc7ebc1e66b6bf': ""rewound laptop battery power checking (kobuki's used an earlier version m"", '13662eb4ce5a3be9e20987d3d7d470424b2b1754': 'kobuki_node->turtlbot_node and reinsert battery parameterisation.', 'c9bd4eeaedc82b4ed1cf6bd675a460584ad38160': 'kobuki_node->turtlbot_node and reinsert battery parameterisation, closes #3', 'd0747aba10ce83807dbeef2d66ac0736e60439d1': 'tion to gracefully abort with a warning when battery is not present.', 'dd70a283906c3a4fdc9b10dcb669014000059878': 'environment variable for battery settings - move to a proper configurable so', 'e197149c580bbb5a180f0139599d54ca62ad897d': 'bugfixes for laptop_battery python imports.', 'bdf3080e8a0c14d1be0bd82a93c049fa826f5d9e': 'Making laptop battery script work with the new /sys filesystem or', '0c0f53217bbd838d89f6be5584ae1b9f45106875': '04 from rk4an/patch-1\n\nfix renamed files for battery info on Ubuntu 12.04.3 LTS - Kernel 3.8', 'cdd80421b266f736fc00bdf039776c205302733f': 'exception handling and logging messages when battery info not\nfound.', '968ea3da1911e048258452326d8a03dc7feb0da6': 'up metapackage. add teleop and remove laptop battery_monitor', '8a156679a574c7dc416061e38b7b5c4b1f6c95c3': 'disable the battery node if TURTLEBOT_BATTERY is set to None\n\nF', '4901a69d7db20bce40983b61f08378e6c38946ff': 'propagate netbook battery to other similar launch file', 'de0dbd8b2c8c779622e6064ae5be683c1b41dea0': 'e pull request #225 from turtlebot/no_laptop_battery\n\ndisable the battery node if TURTLEBOT_BATT'}]"		
Commit108	https://github.com/uf-mil-archive/PropaGator	PropaGator	Commits	"[{'97af2c6534dea4ed514dd7391bb219f54d8729ec': 'button,buoys:button can now do two, green threshold in green is much better now', 'c248dfcc7c8b4cd357dd0131a0302070f580e5c8': 'navigation:fixed power router param error', 'f7bf5266a2066742ad85ee511aab1a4c7b5f8394': 'added green buoy to simulator', 'beddcdbbab9e641448a37f3585b1ed4d5a72b9d6': 'START_GATE_VISION: Search for red and green separately', '5a7a0f34bf083816768640476aaa9fab07cec49c': 'CLEAN_UP: Remove power router'}]"		
Commit111	https://github.com/uf-mil/SubjuGator	SubjuGator	Commits	"[{'fe330e97de5e3885a61f7a84d9e3e4fd69eca107': ""in smaller alarms\n\n- ex: 'network-timeout', 'battery-voltage' and 'leak' might all trigger the m"", '312cc00f02a185ec68935b9ef95e7795e22f80a9': 'VISUALIZATION: add battery voltage and interactive kill markers', '4b886780fc893397663a67e19505609f31a2a8a6': 'ALARMS: Add variable battery voltage alarms, fix height_over_bottom typo', 'ce13f06322c6af740262942c246cbaaa32a30c77': 'ATION: fix rviz kill button with ros_alarms, battery warn color', 'f98df42cdc6c963404902194bfb654d4df1640bd': ""in the thruster driver.\n* 'maximum_allowable_power' was set to 600 Watts for all thrusters\n* Mo"", 'd059d5130ab646cf555c992ddce14ba8628fd548': 'THRUSTERS: add power to ThrusterStatus msg\n\n* Also update msg fie', 'e6bb0214778b90fa25019e264a57eaa74c32cb04': 'GNC: calibrate thrusters at lower power max\n\n* Calibrated all of the thruster models'}]"		
Commit113	https://github.com/ut-ims-robotics/robotont	robotont	Commits	[{'b0080a57d0a18e16ec7fb9ace8ca2418da71858d': 'structure for custom materials (such as dark green)'}]		
Commit114	https://github.com/utexas-bwi/segbot	segbot	Commits	"[{'2be51bc63c8a451743dc20e2024e0fd3db9475e6': 'for visualization purposes -- also converted battery box to its own separate urdf file', 'd59261a1e3a2fa411cf4ec191e4f6db57e0f1f16': 'ChargeStatus is deprecated in favor of smart_battery_msgs', 'd7a0a76e1f3752d32b29dd8da27e8dcbc14f09e1': 'segbot_sensors: set unknown battery status fields to NaN', 'ff85e950ff106a0542f1907dc30482a59dd6f384': 'altered subscriber to read from smart battery pub', 'd53dbcedc38174566149c244eeaa5d82550d4090': 'added additional flexability to the battery_diagnostics sendmail node that will now all', 'ebbd1b8539a32bf7326e01198bdbc34efb09273f': 'added additional flexability to the battery_diagnostics sendmail node that will now all', 'a7a7ddc53f1bfd5f10696543eeecc5ac17a2a630': ""Merge branch 'max_battery_v3' of https://github.com/utexas-bwi/segbot"", '1b607ca9f5145bbe55aad9522dbeaafa7da97326': 'Merge pull request #60 from utexas-bwi/max_battery_v3\n\nBattery Diagnostics for Segbot_v3', 'c7a94f6edb046dc3a947c48fb3d93882797d4829': 't. Most functionality in place to generate a battery model offline', '82c8d6823b6e9f76968f0159f6caf23f4b4b038f': 's. Added python dependencies required by the battery_profiler.py', '5c4e38a7612007ff3e5d38b413f4540403211c3f': 'updated the battery_diagnostics node to use a battery model if ', '042638aae437d8506036eaeb290a511581fbc9c0': 'modifications to the battery estimator to accomodate values greater than', 'c8ff38bcb6c778ec7313cb669e47780f82716134': 'Merge pull request #63 from utexas-bwi/max_battery_profiler\n\nsegbot battery profiler\r\n\r\nLooks ', 'e8505b48ba695914ccfe960a4fda160936e10b9f': 'revert battery message commit (#77)\n\nref: 45a7ae4fe54de4e0', '3f2e3252721adb560f71ecdd6831e3f48eb48c56': 'Revert ""revert battery message commit (#77)""\n\nThis reverts commit ', 'ffee882c9aababc743ad95258e03a3a8648dfdcf': 'est #90 from utexas-bwi/joq/kinetic\n\nreapply battery message update with fixes (#77)'}]"		
Commit117	https://github.com/whoenig/crazyflie_ros	crazyflie_ros	Commits	"[{'d4c957a5a869be3c448682ada887dd99c655c669': 'add sensor readings for battery', 'e3e3f68793f91f331b1aaf10ed6dfae49b3f5745': 'run continuous demo\nand, for example, change battery of a Crazyflie without\nrestarting the compl', 'e9b330567c7501c11a285118d97444667b741734': 'add battery tool [from crazyswarm]'}]"		
Commit118	https://github.com/youbot/youbot-ros-pkg	youbot-ros-pkg	Commits	"[{'766eb3bcf8077389346dca5d562f93672dc07a4f': 'add youbot battery monitor', '55d86664339b50489b983d47bd6f674fdd442672': 'check also if one battery cell exceeded the minimum voltage level'}]"		
Commit119	https://github.com/yujinrobot/kobuki	kobuki	Commits	"[{'11907495891d4b70d880355b7c010f7264cef429': 'got rid of time - not used since we have no battery.', '713511b1bd9a40caaed06587c50736bece5af956': 'kobuki: battery status diagnostics.', '809882ebf9d02a291a43caa0e8d37b29899e15ae': 'Parameters added: min/max battery voltages', '047cf4313b15bec75bfd8ec6662ea1311790d6f3': 'Parameters min/max battery voltage added', 'c8f50d9521ac1f3c910a650637ec78b45f23ae29': 'fix battery levels, also make sure interactive was work', '97b98e1caefc6c3c50673a14358a2d4199d80c32': 'parameter configuration for level based battery.', '52ccb11ad4eb8bfee7e22e8ae1b28ec950c66eab': 'opard_teleop confirmed, yaml updated for new battery params, started bringing in gmapping launch', '96f4c892f0e1422b0515dcddf805cc9543c43d38': 'kobuki_node : Added laptop battery state publisher.', '8f0312c72d691c7fd617c37854b7baf54e449b55': 'kobuki_node : Updated laptop battery state publisher to support some laptop have', '426e0a1127480bcbbd0473ee0027994ea017d107': 'Added laptop battery publisher into minimal.launch.', '266f30e1999643e12263d4e02f5296e80878f950': 'kobuki_bringup : comment the laptop battery till warn spam is fixed.', '03660afb5917366cc6d57567e2f695450fd95feb': 'ommand structure and mutex protected. laptop battery monitor disabled.', 'a07e935f19067d45398830085da0ffa122167bd9': 'Include battery charge percent.', 'e34428db1df893b36e604f17156837af3ab380cb': 'kobuki_node : Updated laptop_battery.py to die when there are no battery info.', '841720ab97e442a11ae30b7abdbef07150e56c97': 'se or adapter\n - transitions to low/critical battery levels\n - battery charge completed\n\nWhen pl', '4ee29ce275d15a47578fd58a198832c79c75f8c2': 'Additional events: power system events and digital input changes', '85aabb0dea9bc912f3bcbb4ee83d7284f2ae414d': 'kobuki_driver : Updated to control external power breakers.', 'b83808448c59c5cc99b5087d831dc375808d5fdc': 'kobuki_node : Updated to control external power breakers.', '2db82f54622ecae23eb00c124cbf25b5d945ee0e': 'kobuki_testsuite : Added test_external_power.py.', '194abb79038fb56ed8d9352c97036d5f71161918': ' readability of text output of test_external_power.py.', '802f8772bf387f219317b3f9ff9ef53c68745ec5': 'tsuite : Improved usability of test_external_power.py script.', 'e5b94b9e4ea6815cd5920a06c00f0042afc50fb8': 'no laptop battery diagnostics here.', '71a890bc15832917adb47de291ad70f55ab4069e': 'ode : Updated DockDriveControl,py to display battery level and charging state of robot and lapto', 'df92cf9664e7500f017883e098055273fedd18c7': 'adjusts the external power sources callback to work with the new messag', '47414c53f00e9bbae7d9b53565b08edff5fe7cba': 'merges enable/disable into one motor power callback', 'd504270dd48c8c10f14c5fe31cea14d1ee0af0a4': 'adjust keyop to the new motor power changes in kobuki_node (plus some\ncleaning)', '36cb0e25b9b89659cf4a2dbe43b9d2c585919804': 'fixes disabling when enabling motor power mixup', 'abb4371da23aa2d170e052dd2060349917fb1d71': 'Make test_battery works again', 'f9fd3ff84a260dfa37de0e375bc952225f0bcac7': ' on desktop and laptop, and it allow various battery slot names of acpi system, such as BAT1, BA', 'b89bad9778415bed9563334234d683f9ed71d2bd': 'charging state for battery diagnostics, not just state, maybe android ', '9efb152f0f5e8d4542114390077ed5be12a76f0b': 'remove laptop battery because it creates a circular dependency, u', '54f8d0964a51e9c9119a6e7b6f8b02b660884e0a': ' : Corrected typos on doxygen about external power.', 'b76364c7eecc6d491c2fc837c20a0c339b7f5ba1': ' packet from doxygen. It is not for external powers and unnecessary for kobuki.', '8a729db54ee9a8b43f4634ab8052ddaa24d517fd': 'update diagnostics.yaml to show kobuki battery properly in kobuki dashboard. Fix #350'}]"		
Commit120	https://bitbucket.org/_Luc_/hand_control	hand_control	Commits	[{'6b27426ac74c0ad34a31ccfee926f94bef357d6b': 'green color'}]		
Commit121	https://github.com/LGD-Fr/hand_control	hand_control	Commits	[{'6b27426ac74c0ad34a31ccfee926f94bef357d6b': 'green color'}]		
Commit122	https://github.com/UBC-Thunderbots/Software	Software	Commits	"[{'5f6bf6e64ae166b06a4b2543ee51b86002176ef2': 'im\r\n\r\n* updated unit tests\r\n\r\n* renamed kick_power parameter to be more descriptive', '02caab567bd108dc95226d495103476411087fbe': 'rmatting\r\n\r\n* added comment explaining wheel power in directwheels primitive, removed some unne', '6ce5a549228e0f2d62a6a68a2c2cffb0ed9bd5ff': 'rmatting\r\n\r\n* added comment explaining wheel power in directwheels primitive, removed some unne', '2ce382876cb2b1e6b287f135ff606f3248d8523e': 'rmatting\r\n\r\n* added comment explaining wheel power in directwheels primitive, removed some unne', 'b1f926931d9d518c5accb0b43ee5a1a154dda370': 'rmatting\r\n\r\n* added comment explaining wheel power in directwheels primitive, removed some unne'}]"		