ID,URL,Repo Name,Collection,MD Contents,C++/C Contents,Python Contents,Included,Notes
REPO0,https://github.com/redbirdrobotics/ros_redbird_m7a,ros_redbird_m7a,Repositories,{},{},"{'controlpanel_node_old': 'ts the element in the color column to either green or red row, tOrFString): UNCOMMENT THIS TO I', 'controlpanel_node': 'ts the element in the color column to either green or red row, tOrFString): UNCOMMENT THIS TO I', 'greenrobot_node': 'ode data Search ROI Search Whole FrameCreate greenrobot Message Populate Robot information Crea', 'landmark_node': 'cEdit & Show Frame ONLY FOR TESTING!!!! self.greengoal.drawLine(self._image, 30) self.redgoal.d'}",,
REPO1,https://github.com/robotics-in-concert/rocon_multimaster,rocon_multimaster,Repositories,{},{},"{'gateway_hub': 'ish between blocked and resend print(console.green + "" Action Connection w/ unsynchronised comp'}",,
REPO2,https://github.com/PR2/pr2_navigation,pr2_navigation,Repositories,{},{},{'pr2_move_base': 'boend TODO check for network cable check for power cable check for power cable TODO start the a'},,
REPO3,https://github.com/markusk/minibot,minibot,Repositories,{},{},"{'lcd_test': '-Battery with 3 x 3.3Volt = 9.9 Volt (empty battery) 3S LiPo-Battery with 3 x 4.2Volt = 12.6 Vol', 'buttontest': 'python import time # for sleep for sleep for poweroff------ init------ use the GPIO names, _not', 'minibot': 'e.########## Threads##### read AD converter (battery voltage) use channel 0 on IC 2.73 V = 12.32 ', 'battery': ' Digital converter object read AD converter (battery voltage) use channel 0 on IC 13.44 Volt batt', 'powermonitor': '/pushbotton stuff ---------------------- for poweroff init use the GPIO names, _not_ the pin nu', 'battery_publisher': 'mestamp for NaN values (Not a Number) import power_supply.h we need a data type to publish the '}",,
REPO4,https://github.com/spencer-project/spencer_people_tracking,spencer_people_tracking,Repositories,{},{},{'tracks_to_svg': 'ong as track exists## Track renderer ### red green blue magenta cyan yellow swap rows and colum'},,
REPO5,https://github.com/MalcolmMielle/Auto-Complete-Graph,Auto-Complete-Graph,Repositories,{},{},"{'t_test': 'cs with R"" by Peter Dalgaard daily intake of energy in kJ for 11 women one sample t-test null hy'}",,
REPO6,https://github.com/Bichette09/imaginarium,imaginarium,Repositories,{},{},"{'settings_store_client': 's will listen controller.html page to manage power status', 'gyro': '8 define MPU address wake up device and init power management PWR_MGMT_1 who am i configure gyr', 'actuatorESP32': 'TOP if we are about to close the node, or if power is disabled, emit neutral point rospy.logwar', 'actuator': 'TOP if we are about to close the node, or if power is disabled, emit neutral point rospy.logwar'}",,
REPO7,https://bitbucket.org/udg_cirs/cola2_core,cola2_core,Repositories,{},{},"{'sim_internal_sensors': ' received in X seconds, abort mission Reduce battery level Publish diagnostic message', 'vehicle_status_parser': 'or last nav data Create Publisher Initialize battery data Which value do I put? This should not b'}",,
REPO8,https://github.com/fkie/multimaster_fkie,multimaster_fkie,Repositories,{},{},"{'master_view_proxy': ""ode does not respond: </b></font>'008000' # greenFF6600'CC0000'FFCC00'0000CC' i""}",,
REPO9,https://github.com/start-jsk/rtmros_common,rtmros_common,Repositories,{},{},"{'hrpsys_dashboard': 'ationMode()"" HrpsysDashboard definitionself._power = HrpsysPowerMenu()', 'diagnostics': '!/usr/bin/env python servo on calib done power on emergency mode', 'collision_state': 'iORB.any root id color changes between 0.145(green) -> 0.02(red), under 0.02, it always red# co'}",,
REPO10,https://github.com/tum-phoenix/phx_quadrocopter_ros,phx_quadrocopter_ros,Repositories,{},{},"{'ORBTest': "" worth it since we don't have the processing power for huge amounts of descriptorsFLANN_INDEX_K"", 'SIFTTest': ""dinate origin and axis lines draw matches in green color draw only inliers cv2.putText(img3, 'T"", 'ORBPoseEstimationFinal': ""em base draw coordinate axis draw matches in green color draw only inlierscv2.putText(img3, 'Tr"", 'altitude': 'baro - lila naze gps - red lidar - blue ir - green fused - grey', 'AxisItem': 'cs)# optimal minor tick spacing# the largest power-of-10 spacing which is smaller than optimal#', 'shaders': ' colorMap[0] + colorMap[1], colorMap[2])# green = pow(z * colorMap[3] + colorMap[4], colorMa', 'GLAxisItem': 'le( GL_BLEND )glEnable( GL_ALPHA_TEST ) z is green y is yellow x is blue', 'ColorMapWidget': ""N']nanColor = (nanColor.red()/255., nanColor.green()/255., nanColor.blue()/255., nanColor.alpha"", 'controller_node': '!/usr/bin/env python in Hz self.s = 3 # battery configuration 3s/4s self.v_c = 4.7 # voltag'}",,
REPO11,https://bitbucket.org/guiche/rosebot_description,rosebot_description,Repositories,{},{},"{'interface_mot-test': ')self.sendStartCoord(0.850, 2.770, 4.71238) #greenvioletprint ""================================', 'interface_acc': 'ch state : get starter state : value == 0 -> green color value == 1 -> purple color def callbac', 'test_change_color_node': '!/usr/bin/env python value == 0 -> green color value == 1 -> purple color Define init', 'interface_mot': ' self.sendStartCoord(0.850, 2.770, 4.71238) #greenself.sendStartCoord(0.850, 0.330, 1.57079) #'}",,
REPO12,https://github.com/fetchrobotics/fetch_robots,fetch_robots,Repositories,{},{},"{'software_runstop': 'tware runstop, due to breaker states set via power_msgs persisting. Standard Library Third Part'}",,
REPO13,https://github.com/ros-interactive-manipulation/pr2_object_manipulation,pr2_object_manipulation,Repositories,{},{},{'reactive_grasp': 'bletable_height = .7366 #table in middle of green roomround tablefrom the topside approach/gra'},,
REPO14,https://github.com/leonard-lab/dcslROS,dcslROS,Repositories,{},{},"{'miabot_module': 'f the action is successful, the button turns green and if the action fails it turns red. @param'}",,
REPO15,https://github.com/uf-mil-archive/PropaGator,PropaGator,Repositories,{},{},"{'boat_class': ' and avoid being at the 0/2*PI boundary on a powerup 1.4 rad/s~22 rpm 205/1023 is about 20% tor', 'dynamixel_io': 'tion modify EEPROM data which persists after power cycle ######################################', 'quadcopter_landing': 'ssed_frame,9,75,75) landing_pad = filter_green_markers(blur_processed) contours,hierarc', 'cascade_blob_merge': 'ionsfinal_or_img = cv2.bitwise_or(yr_or_img, green_masked_img)kernel = np.ones((5,5),np.uint8)i', 'azimuth_drive': 'trust (Not doing any nonlinear modelling for power cost) f in x f in y Moment about Z Early Che', 'find_signs_with_new_msg': "" for the detected shapecolor: 'black' 'red' 'green' 'blue'hsv[0,1,2]: HSV values for determinin"", 'find_signs_PVC': "" for the detected shapecolor: 'black' 'red' 'green' 'blue'hsv[0,1,2]: HSV values for determinin"", 'find_signs_8020': "" for the detected shapecolor: 'black' 'red' 'green' 'blue'hsv[0,1,2]: HSV values for determinin"", 'find_signs': "" for the detected shapecolor: 'black' 'red' 'green' 'blue'hsv[0,1,2]: HSV values for determinin"", 'find_signs_sensitive': "" for the detected shapecolor: 'black' 'red' 'green' 'blue'hsv[0,1,2]: HSV values for determinin""}",,
REPO16,https://github.com/ipa320/cob_command_tools,cob_command_tools,Repositories,{},{},{'battery_monitor': 'ions and limitations under the License. % of battery level % of battery level % of battery level '},,
REPO17,https://github.com/super-owesome/bobble_controllers,bobble_controllers,Repositories,{},{},{'plots': ' The FFT of the signal And the power (sig_fft is of complex dtype) The correspond'},,
REPO18,https://bitbucket.org/mitchell_scott/sphero_swarm_ros,sphero_swarm_ros,Repositories,{},{},"{'sphero_class': 'ay, queue_size = 10)setup streaming setup power notificationsetup collision detectionset the', 'sphero': 'bot.bt.target_address2)setup streaming setup power notificationsetup collision detectionset the', 'updated_sphero_class': '.bt.target_address2)setup streaming setup power notificationsetup collision detectionset the', 'move_sphero': 'ion located in specified file. Returns [left_power, right_power, left_state, right_state]', 'example': ' few notes: The sphero seems to work best at power values between 60 and 90 or so.Remember that'}",,
REPO19,https://github.com/pbouffard/ccny-ros-pkg-pbouffard,ccny-ros-pkg-pbouffard,Repositories,{},{},{'monitor': '://en.wikipedia.org/wiki/Lithium-ion_polymer_battery Maximum Voltage Warning Voltage Minimum Volt'},,
REPO20,https://github.com/kuka-isir/cart_opt_ctrl,cart_opt_ctrl,Repositories,{},{'cart_opt_comp': 'constraints Filter current speed for kinetic energy computation Ec current and Ec next Compute E'},{},,
REPO21,https://github.com/ipab-slmc/exotica,exotica,Repositories,{},{'eff_axis_alignment': 'ad diameter Head length Current: red Target: green Clear pre-existing markers DELETE_ALL Curren'},{},,
REPO22,https://github.com/ROBOTIS-GIT/ROBOTIS-OP3,ROBOTIS-OP3,Repositories,{},{'op3_manager': ' Sensor Module Header Motion Module Header power and torque on check dxls torque. go to init '},{},,
REPO23,https://github.com/sourishg/jackal-navigation,jackal-navigation,Repositories,{},"{'triangle': ""ltiple or a factor of the primary word size; powers of two are safe. `alignment' is normally "", 'elas': ' first blocks to xmm registers declare match energy for each disparity best match get valid disp'}",{},,
REPO24,https://github.com/AUV-IITK/Anahita,Anahita,Repositories,{},"{'elas': ' first blocks to xmm registers declare match energy for each disparity best match get valid disp', 'triangle': ""ltiple or a factor of the primary word size; powers of two are safe. `alignment' is normally ""}",{},,
REPO25,https://github.com/ipa320/cob_environment_perception,cob_environment_perception,Repositories,{},"{'merging': 'A.debug_svg(""A.svg""),100,300,""red""),100,300,""green""); exit(0); (A+B).debug_svg(B.debug_svg(A.', 'cospmls': '********************** look up table for the power of 2 which is >= i *************************', 'FFTcode': '************ table lookup to compute logs of powers of 2 **************************************'}",{},,
REPO26,https://github.com/PR2/pr2_plugs,pr2_plugs,Repositories,{},"{'generalized_hough': 'or founds (not far than distance between two power holes / 3)index of the closest feature is in', 'outlet_detector': ' reference frame first, calculate homography power left power right ground hole prin', 'outlet_tuple': 'mm, the distance from the ground hole to the power holesvoid calc_image_homography(const CvPoin'}",{},,
REPO27,https://github.com/ipa320/srs_public,srs_public,Repositories,{},"{'but_materialtest1': 't part with triangles, and then axes (in red/green/blue). BaseWhiteNoLighting is the name of a ', 'but_projection': 't part with triangles, and then axes (in red/green/blue). BaseWhiteNoLighting is the name of a ', 'but_camcast': 't part with triangles, and then axes (in red/green/blue). BaseWhiteNoLighting is the name of a '}",{},,
REPO28,https://github.com/sigproc/qbo_sigproc,qbo_sigproc,Repositories,{},{'seg_color_fast': 'rowsGo through all the columnsassume red is 2green is 1blue is 0Display the image using OpenCVC'},{},,
REPO29,https://github.com/introlab/rtabmap_ros,rtabmap_ros,Repositories,{},{'WifiSignalSubNode': ' (which varies from -30 (near) to -80 (far)) green yellow gray Hz'},{},,
REPO30,https://github.com/PR2/pr2_robot,pr2_robot,Repositories,{},{'run_stop_auto_restart': ' enable power reset motors give motors time to detect powe'},{},,
REPO31,https://github.com/pal-robotics/perception_blort,perception_blort,Repositories,{},"{'Recognizer3D': 'LLPATH object contours & features drawn with green pose estimage object contours drawn with pur', 'Predictor': '); \t\t} Tukey estimator TODO evaluate optimal power of estimator (accuracy / robustness) \t\tsigma'}",{},,
REPO32,https://github.com/Pitt-RAS/iarc7_vision,iarc7_vision,Repositories,{},"{'RoombaBlobDetector': 'on Fill out results True if the patch is red/green, false otherwise True if the patch is red/gr'}","{'filterbank': '=5)(delayed(convolve)(img, filt) for filt in battery) Reshape the input vectors into what tensorf'}",,
REPO33,https://github.com/robotics-upo/upo_robot_navigation,upo_robot_navigation,Repositories,{},"{'capture': ' = 10mTransform pointCloud2 to pointCloudbluegreenredprintf(""\\naddObstacles!!! points.size: %u\\', 'Yield': '::cout << ""red: "" << (unsigned int)red << "", green: "" << (unsigned int)green << "", blue: "" << ('}",{},,
REPO34,https://github.com/ridgeback/ridgeback_robot,ridgeback_robot,Repositories,{},{'ridgeback_hardware': ' Checks to see if power flag has been reset for each driver Process '},{},,
REPO35,https://github.com/AIS-Bonn/nimbro_network,nimbro_network,Repositories,{},{'qcustomplot': 'cond char as indicator for beautiful decimal powers: interpret third char as indicator for dot '},{},,
REPO36,https://github.com/dxydas/ros-bioloid,ros-bioloid,Repositories,{},{'qcustomplot': 'cond char as indicator for beautiful decimal powers: interpret third char as indicator for dot '},{},,
REPO37,https://github.com/lucasw/imgui_ros,imgui_ros,Repositories,{},"{'bag_console': 'cs in columns Color code according to level: green, white, yellow, red, dark red (or black on r', 'image': 'ader to copy the red channel to the blue and green - there is no longer a GL_LUMINANCE https://'}",{},,
REPO38,https://github.com/mavlink/mavros,mavros,Repositories,{},"{'enum_to_string': ' and going down. System just initialized its power-down sequence, will shut down now. System is', 'sys_status': 'g.outl(""default:"") cog.outl(""\\tbatt_msg->power_supply_technology = BatteryMsg::POWER_SUPPLY'}",{},,
REPO39,https://github.com/ros-perception/image_pipeline,image_pipeline,Repositories,{},{'edge_aware': 'step b g b line_step2 g r g red pixel green pixel blue; Bayer 0 1 2 0 '},{'calibrator': 'w calibration even if not all parameters are green TODO Awkward that we update self.goodenough '},,
REPO40,https://github.com/UTNuclearRoboticsPublic/jog_arm,jog_arm,Repositories,{},{'jog_arm_server': 'ed thresholds. I scaled exponentially (cubic power) so velocity drops off quickly after the thr'},{},,
REPO41,https://github.com/CalPolyRobotics/IGVC-ROS,IGVC-ROS,Repositories,{},{'occupancy_grid_plugin': ' plugin Standard gray map palette values red green blue alpha illegal positive values in green '},"{'demo': 'ransform matrix diameter list of RGB values (green) pose, color, scale, lifetime Publish a sphe'}",,
REPO42,https://github.com/RoboJackets/roboracing-software,roboracing-software,Repositories,{},"{'cone_bottom_detector': 'f the Orange Color Thresholding Dilate, make green overlay, and resize image to initial dimensi', 'startlight_watcher': 'eeing red, change this formula. red - blue - green@note: if you have trouble seeing green, chan'}",{'dynamic_exposure': ' str(goalBrightness))set b and r to zero for greenscale im if shutter speed actually changed (s'},,
REPO43,https://github.com/IGVC-IITK/computer_vision,computer_vision,Repositories,{},"{'gslicr_ros': 'e colour values for each superpixel black to green for avoiding divide-by-zero error average-re', 'rgb-gen': '<<(int)(red_sum[i-1]/count[i-1])<<"" ""<<(int)(green_sum[i-1]/count[i-1])<<"" ""<<(int)(blue_sum[i-'}",{},,
REPO44,https://github.com/kucars/haptic_teleoperation,haptic_teleoperation,Repositories,{},"{'SlaveController': 'stop(0,0) > -1.0 && !lastPositionUpdate) && (battery_per > 30) // this code has been used when cr'}",{},,
REPO45,https://github.com/utexas-bwi/segbot,segbot,Repositories,{},"{'battery_diagnostics': 'egator config file expectsDoes there exist a battery profile? If so, acquire the parameters it de', 'inv_mpu': 's appear on the primary. 1 if device in low-power accel-only mode. 1 if interrupts are only t'}",{'voltmeter': 'ility options: initialize constant fields in battery message Parse serial message line into a lis'},,
REPO46,https://github.com/RoboSherlock/robosherlock,robosherlock,Repositories,{},"{'ObjectIdentityResolution': '.dae"";add color if we have somedefault color green Don\'t forget to set the alpha! ignore object'}",{},,
REPO47,https://github.com/youbot/youbot-ros-pkg,youbot-ros-pkg,Repositories,{},"{'youbot_battery_monitor': 'ite IP addresses to the lcd display retrieve battery information call the beep command dashboard ', 'PoseEstimation6DNode': 'oud3D;\ttmpModel->readFromTxtFile(""test_model_green_1.txt"");\tmodelDataBase.push_back(tmpModel);\t', 'EuclideanClustering': 'et_cast<unsigned char*>(&r);\t\t\tunsigned char green= *reinterpret_cast<unsigned char*>(&g);\t\t\tun', 'xxmatrix': ' take the inverse of the source if negative power and copy the workmatrix to the destination '}",{},,
REPO48,https://github.com/PR2/pr2_controllers,pr2_controllers,Repositories,{},"{'joint_spline_trajectory_controller': ""g on packages that aren't mature yet. create powers of time: Gets all of the joints Ensures tha"", 'joint_trajectory_action_controller': ""g on packages that aren't mature yet. create powers of time: Gets all of the joints Ensures tha""}",{},,
REPO49,https://github.com/ros-planning/moveit,moveit,Repositories,{},"{'simulation_widget': 'elements in black Show the added elements in green Position of the first transmission element i', 'chomp_trajectory': ' the memory: now copy the trajectories over: powers of the time duration calculate the spline c', 'collision_check_thread': 'ed thresholds. I scaled exponentially (cubic power) so velocity drops off quickly after the thr'}",{},,
REPO50,https://github.com/AcutronicRobotics/moveit2,moveit2,Repositories,{},"{'simulation_widget': 'elements in black Show the added elements in green Position of the first transmission element i', 'chomp_trajectory': ' the memory: now copy the trajectories over: powers of the time duration calculate the spline c'}",{},,
REPO51,https://github.com/felixendres/rgbdslam_v2,rgbdslam_v2,Repositories,{},"{'glviewer': 'are)No segment: original colorright segment: greenwrong segment: redsegment_to_optimize == 0bla', 'graph_mgr_io': ""n't visualize, if nobody's lookingred outliergreen inlier, newer endpointyellow inlier, earlier""}",{},,
REPO52,https://github.com/pandora-auth-ros-pkg/pandora_ros_pkgs,pandora_ros_pkgs,Repositories,{},"{'color_angles_test': 'r testing Construct a blue image Construct a green image Construct a red image/ Tests ColorAngl', 'hard_obstacle_detector': '************** If value is negative, make it green for visualizationcv::imshow(title, scaledIma', 'xmega_hardware_interface': '*********************** connect and register power supply interface connect and register range ', 'xmega_serial_interface': ""up ' ' after sensor id ' ' after sensor type battery, not i2c sensor encoder, not i2c sensor ' ' "", 'arm_hardware_interface': ' range sensor interface connect and register battery interface connect and register joint state i', 'gio_gazebo_interface': 'egister the co2 sensor interface Electronics battery sensor Motors battery sensor Connect and reg', 'pandora_co2_plugin': ' count Decrement count co2 is represented by green namespace gazebo'}",{},,
REPO53,https://github.com/jhu-lcsr/sp_segmenter,sp_segmenter,Repositories,{},"{'WKmeans': 'cerr<<""Iter-""<<cur_counter<<"" Energy: ""<<cur_energy<<std::endl;Sparse Data Kmeans///////////////'}",{},,
REPO54,https://github.com/duckietown/Softwareduck,Softwareduck,Repositories,{},"{'scene_segmentation': ' Graph-based Image Segmentation wrapper draw green rectangles params for segmentation Efficient', 'basic_pts_and_lines': 'idth %EndTag(SCALE)% %Tag(COLOR)% Points are green Line strip is blue Line list is red %EndTag(', 'Collections': 'www.gnu.org/licenses/>. red green blue draw outline in black Calculate eigenva', 'street_name_detector_node': ' = image.clone(); // pre-processing: keep green channel only for blobs cv::Mat im_channel', 'common_functions': ', skip it. Draw tag outline with edge colors green, blue, blue, red (going counter-clockwise, s'}","{'LEDDetector_forloops': 'pixel[0] # red channelintensity = pixel[1] # green channel blue channel HACK1 TODO change the ', 'dummy': 'pixel[0] # red channelintensity = pixel[1] # green channel blue channelthreshold into ""on"" and ', 'traffic_light_node': ' are off Move to next light in list Keep the green light on Turn off the green light Exit if li', 'grid_helper_visualization': ""10, markeredgecolor='green', markeredgewidth=3, "", 'Adafruit_ADS1x15': 'e ADC will do a single conversion and enter power-off mode. Page 18 datasheet. Read the conver', 'Adafruit_LSM303': '(10-bit) output mode. Low-res mode uses less power and sustains a higher update rate, output is', 'copyOF_joy_mapper_node': 'ar - not set a specific paramLeft back buttonpower button (middle) note that this is toggle (ac', 'joy_mapper_node2': 'usedVariable @UnusedVariable @UnusedVariable power button (middle) @UnusedVariable bad - should', 'graph': ""ttr.update(ratio = '0.7', inputscale = '1.3')greenblueredscript_dir = os.path.dirname(__file__)"", 'charging_control_node': 'the status to: ready to leave charging area (battery full) Request that Duckiebot should drive to', 'col_logging': ' methods we need to the class red red yellow green pink normal normal'}",,
REPO55,https://github.com/billieblaze/ROS_Rover_addons,ROS_Rover_addons,Repositories,{},{'AccelStepper': '00 1010 0010 0110 01000101 00011001 Prevents power consumption on the outputs Handles inversion'},{},,
REPO56,https://github.com/KCL-Planning/ROSPlan,ROSPlan,Repositories,{},"{'EsterelPlanDispatcher': 'acter "","" with a "")"" edges decide edge color green if conditional edge, red if start to end, bl', 'Polynomial': '\\n"";H_c(p(t)) = p(ct) for c in Realsc to the power of ians.setCoeff(i,p.getCoeff(i)*pow(c,i));n', 'Validator': 'ellow to orangewhite to greyswap ordering of green and magentafudge factor, qbezier and normal '}",{},,
REPO57,https://github.com/start-jsk/rtmros_hironx,rtmros_hironx,Repositories,{},"{'iob': '5/////////6/////////7/////////8 RENAME: read_power_state - Done, TODO static test RENAME write_'}","{'hironx_client': ""o state check jname is acceptableself.rh_svc.power('all', SWITCH_ON) #do not switch on before "", 'hironx_dashboard': ""MAGE.14.0416.04ffffff; background-color: darkgreen;')""}",,
REPO58,https://github.com/ildoonet/tf-pose-estimation,tf-pose-estimation,Repositories,{},{'pafprocess_wrap': 'in Python 3 nb_dividenb_remaindernb_divmodnb_powernb_negativenb_positivenb_absolutenb_nonzeronb'},"{'network_mobilenet_thin': ""lt 'global_step' not in v.op.name and 'beta1_power' not in v.op.name and 'beta2_power' not in v"", 'network_mobilenet_v2': ""lt 'global_step' not in v.op.name and 'beta1_power' not in v.op.name and 'beta2_power' not in v""}",,
REPO59,https://github.com/yujinrobot/kobuki,kobuki,Repositories,{},"{'diagnostics': ""**************** TODO: how can we tell which battery is in use? i.e. fully charged TODO: what's t""}","{'test_external_power': 'h, uses -p option.""print """"print ""p: publish power on/off status""print "" [ On] [Off] [ On] [Off', 'inf_rotation': 't into continual rotation - useful for aging/battery tests.', 'DockDriveControl': ""cel_dock', Empty), 'e':(self.pub['motor_power'].publish,MotorPower(MotorPower.ON),'enabled""}",,
REPO60,https://github.com/sbrodeur/ros-icreate-bbb,ros-icreate-bbb,Repositories,{},"{'driver': "" Start in full control mode Show robot's battery level Set frame_id's Setup services Setup su""}","{'behaviours': ' # Activation of behaviour batteryLevel = float(state.battery.batteryCharge) / ', 'visualize_hdf5': 'from clock Select only the subset related to battery voltage and current (respectively) Convert c'}",,
REPO61,https://github.com/inomuh/evapi_ros,evapi_ros,Repositories,{},"{'L3G': 'he gyro and places it in normal mode. Normal power mode, all axes enabled 2000 dps full scale', 'LSM303': ') MFS = 01 (4 gauss full scale) MLP = 0 (low power mode off) MD = 00 (continuous-conversion mod', 'evarobot_battery': 'CC pin disabled High Voltage Low voltage Low battery Charging Discharging Fully charged'}",{},,
REPO62,https://github.com/BCLab-UNM/SwarmBaseCode-ROS,SwarmBaseCode-ROS,Repositories,{},"{'sbridge': ""ng at the same time, it will not have enough power to carry out each of those at it's full valu"", 'rover_gui_plugin': 'n it deselected Currently, we cannot use the power law distribution with custon numbers of cube', 'MapFrame': ' Draw rover origin crosshairs painter.setPen(green);map_data->getEKFPath(rover_to_display).begi', 'LSM303': 's full scale) 0x00 = 0b00000000 MLP = 0 (low power mode off); MD = 00 (continuous-conversion mo'}",{},,
REPO63,https://github.com/UBC-Snowbots/Snowflake,Snowflake,Repositories,{},"{'LidarObstacleManager': 'ocks TODO: Make the scale a param Points are green TODO: Make this a param TODO: Should be a pa', 'DragRaceNode': 'en while staying within the boundaries If no green light has been detected stop. Publish our de', 'CircleDetection': 'bout fitting a long to an int non-issue Draw green circles around object', 'HSVFilterNode': 'ave an image to get the rest) Filter out non-green colors If enough time has passed update filt', 'DBSCAN': 'verhead in creating multiple threads can overpower time gained from multi threading. for cur', 'utils-test': 'ynomial where the coefficient of the highest power is 0 y = 0x^3 + x^2 y = 0 y = -32x^31 + 4x^3', 'bigint_kernel_2': 'ore complex O(n*logn) algorithm make size a power of 2 allocate some temporary space so we can', 'mpc': '------------------- input and output compute powers of A: Apow[i] == A^i fill in K fill in Mcou', 'numerical_integration': 'txt for the full license. This function test battery is given in: Test functions taken from Pedro', 'pixel': 'point (127,127,127)Lab limit values testred, green, blue, yellow, black, whiteRGB limit tests', 'jquant1': ' dither matrix NB: if ODITHER_SIZE is not a power of 2, ODITHER_MASK uses will break # cells ', 'jdcolor': ""due to noise introduced by DCT losses. red green blue K passes through unchanged don't nee"", 'ConeExtractorNode': 'ale for width/height respectively Points are green'}",{},,
REPO64,https://github.com/AutonomyLab/bebop_autonomy,bebop_autonomy,Repositories,{},{'bebop_itl_test': 'erything else is ready) The problem with the battery state is that it is only updated when its va'},{},,
REPO65,https://github.com/linorobot/linorobot,linorobot,Repositories,{},{'ADXL345': ': 2011-07-31 - initial release reset all power settings DEVID register THRESH_TAP register '},{},,
REPO66,https://github.com/irvs/ros_tms,ros_tms,Repositories,{},"{'viewer': '--------------------- black cyan orange blue green DarkKhaki Navy violet grey darkRed DarkOrang', 'tms_db_state_publisher': 'ing_chair3 meeting_chair4 wagon chipstar_red greentea_bottle cancoffee soysauce_bottle_black---', 'tms_ts_subtask_957': 'obile_base/commands/sound"", 1); kobuki_motorpower = nh1.advertise<kobuki_msgs::Mot', 'tms_ts_subtask': 'obile_base/commands/sound"", 1); kobuki_motorpower = nh1.advertise<kobuki_msgs::Mot', 'voice_receiver': '------ chipstar_red chipstar_orange chipstar_green greentea_bottle soukentea_bottle soysauce_bo', 'newfft': ""e maximum factor size TWO_GRP is the maximum power of 2 handled as a single factor Doesn't take"", 'smartpal5_control': '-------------------------------- clear alarm power on servo on 10Hz frequency (0.1 sec)--------'}","{'tms_ur_listener_server': ' = self.announce(error_msg1) self.julius_power(True,tim.sec) return False else: pri'}",,
REPO67,https://github.com/AutonomyLab/create_autonomy,create_autonomy,Repositories,{},"{'create_driver': "" Start in full control mode Show robot's battery level Set frame_id's Populate intial covaria""}",{},,
REPO68,https://github.com/bluesat/owr_software,owr_software,Repositories,{},"{'NavigationNode': 'function GPS related data Power left on the battery Subscribe to all topics that will be publish', 'NavigationGUI': 'the list of GPS co-ordinates debug - animate battery and signal calculate the path rotation angle', 'testJointSpeedBasedPositionController': 'ossible distance from 0, should require full powerrotate the maximum possible distance from 0 i'}",{},,
REPO69,https://github.com/elpimous/Neo_robot,Neo_robot,Repositories,{},"{'L3G4200D': "" Sparkfun's code Enable x, y, z and turn off power down: If you'd like to adjust/use the HPF, y"", 'LIS35DE': "" Sparkfun's code Enable x, y, z and turn off power down: If you'd like to adjust/use the HPF, y"", 'face_detector': 'om which the nose will change the color from green to blue.If true, the messages will be sent t', 'ImfRgbaFile': 'ence between the buffer size and the nearest power of two is less than CACHE_LINE_SIZE, then we', 'ImfAcesFile': '------------------------- for std::max() red green blue white empty Not all compression methods', 'gtest-all': 'e color to red. @G changes the color to green. @Y changes the color to yellow. @D ', 'tvl1_optical_flow': 'ween red and yellow than between yellow and green) increase saturation with radius out of rang', 'OpenEXRimages_HDR_Retina_toneMapping_video': 'p condition display input & process standard power transformation apply gamma curve: img = img ', 'linemod': ""n takes a position 'center' and computes the energy in the 16x16 patch centered on it. Compute t"", 'brox_optical_flow': ' frames interpolate blue channel interpolate green channel interpolate red channel', 'opticalflow_nvidia_api': 'polate red channel reset buffers interpolate green channel reset buffers interpolate blue chann', 'vecfacetracking': 'gleRotate)= HIST_MIN create histogram params power void ThresholdingParam(IplImage *imgGray, in', 'enmin': 'tex on the real image line function vFunc is energy function which determines the difference b', 'snakes': 'alpha - pointer to coefficient of continuity energy, beta - pointer to coefficient', 'testseq': ' of added gaussian noise amplifier of noise power === Some definitions and functions for tran', 'retinacolor': 'or the low pass filter dedicated to contours energy extraction (demultiplexing process) init def', 'gencolors': 'ting symmetry in the distance matrix red red green Generate a set of colors in RGB space. A siz', 'colormap': 'Equals the GNU Octave colormap ""autumn"". red green blue number of sample points Equals the GNU ', 'retinafilter': 'er at the photoreceptors level get the local energy of each color channel ->L ->M ->S eliminate ', 'facerec_video': 't to the original image! First of all draw a green rectangle around the detected face: Create t', 'ts_gtest': 'e color to red. @G changes the color to green. @Y changes the color to yellow. @D ', 'matmul': 'lize all eigenvectors compute the cumulative energy content for each eigenvector use clone() to ', 'dxt': 'n version 0. shuffle data else do nothing 1. power-2 transforms radix-4 transform do the remain', 'test_math': 't_case_idx//////// pow ///////////// integer poweri*/, int /*jtest_case_idx////////////////////', 'imgproc': '// convolve CUFFT has hard-coded kernels for power-of-2 sizes (up to 8192), see CUDA Toolkit 4.', 'sort_by_key': ' Check to see if the input vector size is a power of 2, if not we will need last merge pass A', 'color': '//////////////////////////////////////////// green bits blue idx green bits http://www.fourcc.o', 'window_QT': 'CvScalar color <- only Qt (blue_component, green_component, red\\_component[, alpha_component]', 'phasecorr': 'us the nice peak shift location... shift the energy to the center of the frame. locate the highe'}","{'qbo_energy': ""n attention shutdown soon... when you plug power on qbo side, you'll hear : charging !! charg"", 'dhtgui': ""D), red=wx.Brush('#ff0000', style=wx.SOLID), green=wx.Brush('#008000', style=wx.SOLID))d0d0d0',"", 'red_cyan_anaglyph': 'H_8U, 4)cyan (remove red?)red (remove blue?, green?)remove blue & green from left => redremove ', 'qbo_http_api_login': 'com>;## Tornado security issues ### We give green light if the requests are comming from local', 'qbo_energy_new': 'n speak just one time can speak when plug in power if unplugged, robot uses it internal battery', 'ball_color_publisher': ' video topic stream, search ball color (red/green/blue) color is published in topic : /ball_c', 'qbo_face_analysis': 'mach ready for use for nose color modif. for green tracking box localization in picture for act', 'play_music': 'ize=10) # nose colorself.no_nose = Falseself.green_nose = False clear xmms2_server add all mus', 'neo_faceDetection': ""h strings : 'yes' or 'no' robot nose becomes green when seen face, and turns off when unseen. -"", 'calibrator': 'w calibration even if not all parameters are green TODO Awkward that we update self.goodenough ', 'contours': ' will draw contours draw contours in red and green finally, show the image create the image whe', 'lkdemo': ""s, don't use it too close draw the points as green circles we want to add a point refine this c"", 'convexhull': 'Draw the convex hull as a closed polyline in green display the final image handle events, and w', 'color': '//1 - navy008000"", #{ 0, 128, 0 },//2 - green008080"", #{ 0, 128, 128 },//3 - teal800000', 'tickets': 'red triangle Draw the convex hull as a thick green line Draw the original contour as a white li'}",,
REPO70,https://github.com/PilzDE/pilz_robots,pilz_robots,Repositories,"{'acceptancetest_stop1': '- Properly connect and startup the robot and power cabinet containing the PNoz-Multi.\n Make ', 'acceptancetest_execute_brake_test': '- Properly connect and startup the robot and power cabinet containing the PSS4000.\n Make sur', 'acceptancetest_execute_brake_test_with_gripper': '- Properly connect and startup the robot and power cabinet containing the PSS4000.\n Make sur'}",{},{'status_indicator_widget_unit_test': 'cks within the widget Testing if light turns green for status True Testing if light turns red f'},,
REPO71,https://github.com/rospilot/rospilot,rospilot,Repositories,{'PLUGIN-GUIDE': ' of the greatest things about Leaflet is its powerful plugin ecosystem.\nThe [Leaflet plugins pa'},{},{},,
REPO72,https://github.com/EndPointCorp/lg_ros_nodes,lg_ros_nodes,Repositories,{'TELEOP': ' |\n| Home | Display Wiimote battery level |\n| | '},{'teleop_wiimote': 'tLEDFeedback for levels). to show the approx battery leve of the Wiimote. Only works if the 1-But'},"{'wiimote_node': 'g.rumble) + ""\\n Battery: ["" + str(msg.raw_battery) + "","" + str(msg.percent_battery))rospy.logd', 'wiimoteConstants': ' = 10 Indices into a two-tuple of info about battery state in wiimote messages: 0: Percentage o', 'WIIMote': "": 4, 'buttons': 0, 'rumble': 0, 'error': 0, 'battery': 85};;;;;;;;;;;;;;;;;;;;;;;;;;;;;;;;;;;;;;;""}",,
REPO73,https://github.com/osu-uwrt/riptide_software,riptide_software,Repositories,"{'riptide_teleop': 'uld proces. Last, pressing the ""X"" will kill power to all thrusters.\n\n* Input Topics: /joy, /st'}",{},{},,
REPO74,https://bitbucket.org/auengagroactu_sens/dji_matrice100_onboard_sdk_ros,dji_matrice100_onboard_sdk_ros,Repositories,{'Appendix': 'etry data\n\ttype: nav_msgs/Odometry\n\n/dji_sdk/power_status\n\tinfo: current battery info\n\ttype: dj'},{'dji_sdk_node_main': 'update compass msgupdate flight_statusupdate battery msgupdate flight control info***************'},{},,
REPO75,https://github.com/ros-planning/navigation2,navigation2,Repositories,"{'requirements': 'it, for example, to shut down or enter a low-power state.\nMP009 | Mission Planning.Navigation C'}",{'nav2_panel': 'k on completion in the timer callback Draw a green arrow at the waypoint pose Draw a red circle'},{},,
REPO76,https://bitbucket.org/whoidsl/ds_base,ds_base,Repositories,"{'IO_STATE_MACHINE': 'onse to user input. For example, the Lambda power supply driver uses preempt commands to set t'}",{},{},,
REPO77,https://github.com/jhu-asco/aerial_autonomy,aerial_autonomy,Repositories,"{'creating_autonomy_application': '` keeps a `UAVSystem` from taking off if the battery level percentage\nis below some threshold. G', 'background': 'tes. For example, if the quadrotor has a low battery warning, the quadrotor will not accept a goa'}","{'arm_system_tests': '/ \\brief Test Arm System Test Command after powering off Choose sine controller', 'arm_functor_tests': '// \\brief Test Folding Try folding If arm is powered off should abort If arm if folded should p', 'pick_place_functor_tests': ' which sets the altitude to 0.5 Check arm is powered off Call action functor Since arm is not e', 'mpc_functor_tests': 'he controller Check status of controller Set battery voltage to low value Test internal action Fl', 'visual_servoing_functor_tests': 'ternal action Check status of controller Set battery voltage to low value Test internal action Fl', 'uav_basic_functor_tests': 'ngFunctor Internal Action Should not land if battery is low// \\brief Test Takeoff Functors After ', 'joystick_state_machine_tests': 'ted First takeoff Start Joystick control Low battery while reaching goal Run Internal Transition ', 'pick_place_state_machine_tests': 'ate Enable arm Process Poweroff Check arm is powered off Process Poweron Check arm is powered o', 'uav_arm_sysid_state_machine_tests': 'ted First takeoff Start Joystick control Low battery while reaching goal Run Internal Transition ', 'sensor_place_state_machine_tests': 'ate Enable arm Process Poweroff Check arm is powered off Process Poweron Check arm is powered o', 'uav_state_machine_tests': 'We switch to Hovering here After Hovering if battery is low we stay in hovering Takeoff in proces'}",{},,
REPO78,https://github.com/jsk-ros-pkg/jsk_robot,jsk_robot,Repositories,{'fade_leds': ' red channel (float 0-1) \n`g`: intensity of green channel (float 0-1) \n`b`: intensity of blue'},{},{},,
REPO79,https://github.com/craftit/DogBotSoftware,DogBotSoftware,Repositories,"{'poweringup': 'when voltage dips below 26V**\n\nThere are two power options for DogBot, mains power or batteries'}",{},{},,
REPO80,https://github.com/occamLab/tango_ros_bridge,tango_ros_bridge,Repositories,"{'index': 'lly, you will be able to leverage all of the powerful features of ROS (e.g., visualization tool'}",{},{},,
REPO81,https://github.com/jsk-ros-pkg/jsk_visualization,jsk_visualization,Repositories,"{'rqt_drc_mini_maxwell': 'n it smiles and the background color becomes green.\n\n\nSample\n------\n\n```\n$ roslaunch jsk_rqt_pl', 'rqt_status_light': '------------------------------\n\n* `1`: green\n* `2`: yellow\n* `(other)`: gray\n\n\nUsag'}","{'ambient_sound_visual': ""e since we don't need it anymore.}}}{{{float powers[] = {/*{{{*/25,25,28,30,34,32,29,25,25,25,2""}",{},,
REPO82,https://github.com/cpaxton/costar_stack,costar_stack,Repositories,"{'collect_data': ',white_bin \\\n foreground_labels:=blue_block,green_block,red_block,yellow_block \\\n kmeans_poin'}","{'WKmeans': 'cerr<<""Iter-""<<cur_counter<<"" Energy: ""<<cur_energy<<std::endl;Sparse Data Kmeans///////////////', 'predicator': 'ot state x = red = front/back from stage y = green = left/right? z = blue = up/down compute xy '}","{'instructor_snapshot_event': 'nt of the goal state Turn highlighted region green Add border around image Ensure contiguous an', 'instructor_gui_components': ""x; }'''666666; w = ItemButton(g_name,colors['green_light'],10,fold=False,callback=self.selected"", 'x_pick_volume': 'lor in/out of radius regions Color in-radius green Color out-of-radius red Step 3: Select radiu', 'snapshot': 'lor in/out of radius regions Color in-radius green Color out-of-radius red Step 3: Select radiu', 'pick_volume': 'lor in/out of radius regions Color in-radius green Color out-of-radius red Step 3: Select radiu'}",,
REPO83,https://github.com/CopterExpress/clever,clever,Repositories,"{'power': '—Å—á–∏—Ç–∞–Ω–Ω–æ–µ –∑–Ω–∞—á–µ–Ω–∏–µ.\n\n<img src=""../assets/qgc-battery.png"" class=""zoom"">\n\n–î–æ–ø–æ–ª–Ω–∏—Ç–µ–ª—å–Ω–∞—è –∏–Ω—Ñ–æ—Ä–º–∞—Ü–∏', 'leds_old': '–µ—Ç \\(red\\), —Å–ª–µ–¥—É—é—â–∏–µ 8 –±–∏—Ç - –∑–µ–ª—ë–Ω—ã–π —Ü–≤–µ—Ç \\(green\\) –∏ –ø–æ—Å–ª–µ–¥–Ω–∏–µ 8 –±–∏—Ç - –≥–æ–ª—É–±–æ–π \\(blue\\). –î–ª—è ', 'modes': '_modes.html.\n\n**–î–∞–ª–µ–µ**: [–ù–∞—Å—Ç—Ä–æ–π–∫–∞ –ø–∏—Ç–∞–Ω–∏—è](power).\n', 'leds': '–æ–¥–∏–º–æ –∫–æ—Ä—Ä–µ–∫—Ç–Ω–∞—è [–∫–∞–ª–∏–±—Ä–æ–≤–∫–∞ —ç–ª–µ–∫—Ç—Ä–æ–ø–∏—Ç–∞–Ω–∏—è](power#–ö–∞–ª–∏–±—Ä–æ–≤–∫–∞-–¥–µ–ª–∏—Ç–µ–ª—è-–Ω–∞–ø—Ä—è–∂–µ–Ω–∏—è).\n\n–î–ª—è —Ç–æ–≥–æ, ', 'aruco_marker': ' –ø—Ä–∞–≤—É—é —Å—Ç–æ—Ä–æ–Ω—É –º–∞—Ä–∫–µ—Ä–∞;\n* –æ—Å—å **<font color=green>y</font>** —É–∫–∞–∑—ã–≤–∞–µ—Ç –∫–≤–µ—Ä—Ö—É –º–∞—Ä–∫–µ—Ä–∞;\n* –æ—Å—å *', 'ssh': '–æ–∂–Ω–æ –∏—Å–ø–æ–ª—å–∑–æ–≤–∞—Ç—å [PuTTY](https://www.chiark.greenend.org.uk/~sgtatham/putty/latest.html) –∏–ª–∏ –≤', 'snippets': "", velocity_update)\nrospy.Subscriber('/mavros/battery', BatteryState, battery_update)\nrospy.Subscr"", 'models': '–ª–µ–≤–µ—Ä 4\n\n### 3D –ø–µ—á–∞—Ç—å\n\n* **–ê–ö–ë —Ö–æ–ª–¥–µ—Ä** ‚Äì [`battery_holder.stl`](https://github.com/CopterExpres', 'camera_setup': '–≤–∞–µ—Ç –Ω–∞–ø—Ä–∞–≤–æ –Ω–∞ –∏–∑–æ–±—Ä–∞–∂–µ–Ω–∏–∏;\n* **<font color=green>y</font>** —É–∫–∞–∑—ã–≤–∞–µ—Ç –≤–Ω–∏–∑ –Ω–∞ –∏–∑–æ–±—Ä–∞–∂–µ–Ω–∏–∏;\n* ', 'SUMMARY': '–µ—Ç–Ω—ã–µ —Ä–µ–∂–∏–º—ã](modes)\n * [–ù–∞—Å—Ç—Ä–æ–π–∫–∞ –ø–∏—Ç–∞–Ω–∏—è](power)\n * [–ù–∞—Å—Ç—Ä–æ–π–∫–∞ failsafe](failsafe)\n* –†–∞–±–æ—Ç–∞', 'aruco_map': ' —Å—Ç–æ—Ä–æ–Ω—É –∫–∞—Ä—Ç—ã –º–∞—Ä–∫–µ—Ä–æ–≤;\n* –æ—Å—å **<font color=green>y</font>** —É–∫–∞–∑—ã–≤–∞–µ—Ç –∫–≤–µ—Ä—Ö—É –∫–∞—Ä—Ç—ã –º–∞—Ä–∫–µ—Ä–æ–≤;\n', 'assemble_3': '–ø–∏—Ç–∞–Ω–∏—è Raspberry:\n\n 5–í -> pin 04 (DC power 5v)\n GND -> pin 06 (Ground)\n –ü', 'assemble_2': ' –ê–ö–ë\n\n![–ü–æ–¥–≥–æ—Ç–æ–≤–∫–∞ –æ—Ç—Å–µ–∫–∞ –ê–ö–ë](../assets/casebattery.jpg)\n\n* –ü—Ä–∏–∫–ª–µ–∏—Ç—å –Ω–∞–∫–ª–µ–π–∫–∏ —Å —Ä–∞–∑–º–µ—Ç–∫–æ–π –≤–Ω—É—Ç—Ä', 'nti2019': '–ø–æ–ª–Ω–µ–Ω–∏—è –≤—Å–µ–π –ª–µ–Ω—Ç—ã —É–∫–∞–∑–∞–Ω–Ω—ã–º —Ü–≤–µ—Ç–æ–º.\n# red, green, blue - –∏–Ω—Ç–µ–Ω—Å–∏–≤–Ω–æ—Å—Ç—å –∫—Ä–∞—Å–Ω–æ–≥–æ, –∑–µ–ª—ë–Ω–æ–≥–æ, —Å–∏'}",{'led': 'tes incorrect voltage measurement notify low battery every time cannot work without set_leds serv'},{},,
REPO84,https://github.com/fkie/iop_core,iop_core,Repositories,{'other_packages': '_\n - fkie_iop_illumination\n - fkie_iop_power_plant\n - fkie_iop_stabilizer_driver\n\n\n## '},{},{},,
REPO85,https://github.com/jsk-ros-pkg/jsk_recognition,jsk_recognition,Repositories,"{'calibration': 'hen u finished calibration(4 features become green), wait patiently until u can click upload, c', 'interactive_cuboid_likelihood': 'ompute likelihood.\n\n* `~plane_distance_error_power` (Float, default: `2.0`)\n\n Power used for c', 'snake_segmentaion': 'e, default: `0.1`)\n\n weight of connectivity energy\n\n* `~beta` (double, default: `0.1`)\n\n weigh', 'rgb_decomposer': 'output/red` (`sensor_msgs/Image`)\n* `~output/green` (`sensor_msgs/Image`)\n* `~output/blue` (`se'}",{'edgebased_cube_finder_nodelet': 'oints.push_back(BP); std_msgs::ColorRGBA green; green.a = 1.0; green.g = 1.0; marke'},{},,
REPO86,https://github.com/JHS-ARCC-Club/jetson_car,jetson_car,Repositories,{'ISSUE_TEMPLATE': ' \n\n - **Be sure you are supplying adequate power to the board.** Check the specs of\n your'},{},"{'BNO055': 'nds (this seems to be necessary after a hard power down). Swallow an IOError that might be rais', 'hal_env': ' if neededWhen the sign changes on pose then power*lastPose will be negative85 = minor axis of '}",,
REPO87,https://github.com/olin-robotic-sailing/oars-roboboat,oars-roboboat,Repositories,"{'ros_topics': 'rning the boat right. (Float32)\n* `propeller_power` Power provided to the propeller, with 0 bei'}",{},"{'simulator_main': 'Sr = shadow_ratio(model.relwindcomp) PrJib = power_ratio(self.JibPos,model.relwindcomp)*self.st'}",,
REPO88,https://github.com/team-vigir/vigir_footstep_planning_core,vigir_footstep_planning_core,Repositories,"{'LICENSE': 'u convey a covered work, you waive any legal power to forbid\ncircumvention of technological mea'}",{},{},,
REPO89,https://github.com/b-it-bots/mas_domestic_robotics,mas_domestic_robotics,Repositories,"{'LICENSE': 'u convey a covered work, you waive any legal power to forbid\ncircumvention of technological mea'}",{},{},,
REPO90,https://github.com/AutoRally/autorally,autorally,Repositories,"{'LICENSE': ' of this definition, ""control"" means (i) the power, direct or\nindirect, to cause the direction '}","{'ImageMaskEntry': 'pick a random color from{Qt::red, Qt::green, Qt::blue, Qt::cyan, Qt::magenta, Qt::yellow'}","{'systemStatus': 'emStatus Gets the wireless signal strength, power status, and CPU temperature. This informatio'}",,
REPO91,https://github.com/Nsteel/Apollo_13,Apollo_13,Repositories,"{'LICENSE': 'u convey a covered work, you waive any legal power to forbid\ncircumvention of technological mea'}",{},{},,
REPO92,https://github.com/RightHandRobotics/reflex-ros-pkg,reflex-ros-pkg,Repositories,"{'LICENSE': 'is definition,\n ""control"" means (i) the power, direct or indirect, to cause the\n dire'}",{},{},,
REPO93,https://github.com/RoboJackets/igvc-software,igvc-software,Repositories,"{'readme': '.shields.io/badge/Software%20Lead-Oswin%20So-green?color=EEB211&logo=data:image/png;base64,iVBO', 'iop': 's acceptable.\n> The team **shall NOT connect power to this connector** at this time ‚Äì **only th', 'FirmwareRefactor': 'e robot (current motor speed, e-stop status, battery voltage)\n\nThe mbed and the computer communic', 'mapping_refactor': 'nd non lines\n\n## Overall Scope\n- Expected manpower: 1 / 2\n- Expected time: 3 weeks\n', 'low_performance_mode': 'inaccuracies, it would overall save time and energy when testing. The second part of this proble'}",{},{},,
REPO94,https://github.com/at-wat/mcl_3dl,mcl_3dl,Repositories,{'Algorithms': ' good matching result with light computation power.\nThe node calculates a likelihood of each pa'},{},{},,
REPO95,https://github.com/uwreact/frc_control,frc_control,Repositories,"{'DESIGN': '\n`ros_control` and `ros_controllers` provide powerful tools for working with\npowerful, smart ac'}",{},"{'communications': 'map from Windows to UFW TODO: Should this be green when the firewall is on or off? Pretty sure ', 'pc_stats': 'y default values until first update Read the power supply status TODO: Display power icon while'}",,
REPO96,https://github.com/tork-a/rtmros_nextage,rtmros_nextage,Repositories,"{'manual_ja_start': 'obot%20Users?action=AttachFile&do=get&target=powerbutton_ubuntu.jpg)\n![UI Control Box - Monitor', 'manual_ja_tutorial_python-if': '_bridge?action=AttachFile&do=get&target=hiro_powerOff.png)\n\n#### hrpsys-based API „ÅÆ„ÇΩ„Éº„Çπ„Å®„Éâ„Ç≠„É•„É°„É≥„Éà\n\n'}",{},{},,
REPO97,https://github.com/corobotics/corobot-kinetic,corobot-kinetic,Repositories,"{'STARTUP': '- otherwise, the Kinect or Create may not be powered/connected.\n\nIn another terminal, run:\n\n* `'}",{},"{'manage': 'te, (serverSocket,)) Akshay - End of new codebatteryLevel = float(dArray.status[2].values[3].valu', 'monitor': '%f"", self.currNewGoal.x, self.currNewGoal.y, batteryThread.homeCoordinates.x, batteryThread.homeC'}",,
REPO98,https://github.com/yijiangh/choreo,choreo,Repositories,{'faq': ' This is the trend. And GitHub is much more powerful and convenient.\n'},"{'jsonx': 'oot element, need to add declarationswww.datapower.com/schemas/json jsonx.xsd\\""""www.w3.org/2001', 'strtodtest': 't Adjust for half ulp exponent Remove common power of two factor from all three scaled values', 'GteBitHacks': 'not warn on negation of uint32_t. value is a power of two round up to a power of two'}",{},,
REPO99,https://github.com/UBC-Thunderbots/Softwareubc,Softwareubc,Repositories,"{'HowToBuildAndFlashFirmware': 's puts the robot in ""boot mode""\n3. Flick the power switch to turn on the robot, AND HOLD THE SW', 'software-architecture-and-design': 'nding on who you ask, templating in C++ is a powerful tool that is very useful to understand. [', 'code-style-guide': ' // Incorrect\n // This function returns the power\n float power(float a, float b);\n\n // Corre', 'getting-started': '`!\n2. Add a custom build configuration (more powerful, so make sure you understand this!)\n 1'}","{'direct_wheels_primitive': ' Clamp wheel power if out of range, log a warning', 'indirect_chip': 'ould never be further away than maximum chip power Set up 3 different points from the vector of', 'annunciator': 'this bot General robot status update Warn if battery voltage is too low Warn if capacitor voltage'}",{},,
REPO100,https://github.com/robotican/lizi,lizi,Repositories,{'README': '/rear``` - Rear ultrasonic range finder\n\n```/battery``` - Battery info\n\n```/mobile_base_controlle'},{},{},,
REPO101,https://github.com/NiryoRobotics/niryo_one_ros,niryo_one_ros,Repositories,"{'README': 'ticle on Raspberry Pi, where the computation power is quite low compared to a standard laptop.\n'}",{},{},,
REPO102,https://github.com/PX4/avoidance,avoidance,Repositories,"{'README': "" *local_planner* requires less computational power but it doesn't compute optimal paths towards""}","{'planner_functions': 'around back to 0 color = 0 (red), color = 1 (green), color = 2 (blue) copy queue to vector and '}",{},,
REPO103,https://github.com/ROBOTIS-GIT/ROBOTIS-THORMANG-MPC,ROBOTIS-THORMANG-MPC,Repositories,"{'README': 'd robot platform with advanced\ncomputational power, sophisticated sensors, high payload capacit'}",{},{},,
REPO104,https://github.com/utexas-bwi/bwi_common,bwi_common,Repositories,{'README': 'nch files assume you are running on a kinect powered robot.\nComments in the launch file will pr'},{},{},,
REPO105,https://github.com/UbiquityRobotics/ubiquity_launches,ubiquity_launches,Repositories,{'README': 'w plug the micro-SD card into the RasPi2 and power it up.\n Wait for a minute or so and do the'},{},{},,
REPO106,https://github.com/gribot-robotics/gribot_ros,gribot_ros,Repositories,"{'README': 'ts.\n\nWe want to accelerate the transition to sustainable development, which is why we distribute al', 'CONTRIBUTING': 'ld open a suggestion issue first and have it greenlighted before working on it.\n- If fixing a b'}",{},{},,
REPO107,https://github.com/omwdunkley/crazyflieROS,crazyflieROS,Repositories,"{'README': '10 pin expansion header (I2C, UART, SPI/ADC, power, etc)\n \n\n### Sensors\n * 3 axis gyro\n * '}",{},{'crazyradio': 'onconfiguration constantsReset the dongle to power up settings## Dongle configuration ### Auto '},,
REPO108,https://github.com/SJSU-AD/FusionAD,FusionAD,Repositories,"{'README': 'hina. <br>\nBenefiting from local manufacture power and convenient global logistic system, <br>\n'}",{'main': ' 0; Declare Global timer eventint propulsion_power_event; Declare Global CAN message frame Data'},"{'can_control_adapter': 'bitration IDs ################### propulsion power request arbitration id arbitration id for co', 'can_ardu_interface': '/env python initializing the node propulsion power request arbitration id arbitration id for co'}",,
REPO109,https://github.com/DrawZeroPoint/drv_package_v2,drv_package_v2,Repositories,{'README': '4. Usage\n1. Run `roscore` first. Plug in the power supply and cables of NVG.\n2. There are multi'},{},{},,
REPO110,https://github.com/Kivo0/Visual-Servoing-ROS,Visual-Servoing-ROS,Repositories,"{'README': 'ebot2 includes YUJIN Kobuki base, a 2200 mAh battery pack, a **KinectV1** sensor, and an Asus 121'}",{},{},,
REPO111,https://github.com/ros-industrial-consortium/trajopt_ros,trajopt_ros,Repositories,"{'README': ' it. While it is quite complex, it shows the power of TrajOpt to plan using external axes and r'}",{},{},,
REPO112,https://github.com/airalab/robonomics_comm,robonomics_comm,Repositories,{'README': 'tp://img.shields.io/badge/license-BSD3-brightgreen.svg)\n\n> This is reference implementation of '},{},{},,
REPO113,https://github.com/pantor/ros-control-center,ros-control-center,Repositories,"{'README': 'like a console (rosout by default) output, a battery status view, a camera stream view or an adva'}",{},{},,
REPO114,https://github.com/doosan-robotics/doosan-robot,doosan-robot,Repositories,{'README': '//img.shields.io/:license-Apache%202.0-yellowgreen.svg)](https://opensource.org/licenses/Apache'},{},{},,
REPO115,https://github.com/chrisl8/ArloBot,ArloBot,Repositories,"{'README': ' VS Code by pressing `F5` or by clicking the green debug icon. You can now write code, set brea', 'BehaviorPlanning': 'cies,\nI have in mind internal ones, like low battery, unexpected motor shutoffs (fuses), cliffs, '}",{},"{'propellerbot_node': 'y do this once, and let it continue until AC power is disconnected Slow backup until unplugged ', 'arlobot_safety': 'r not Track battery I am going to set the AC power status as a parameter, so that it can be che', 'arlobot_movement_test': 'ase_link transform! I am going to set the AC power status as a parameter, so that it can be che', 'arlobot_gohome': 'ase_link transform! I am going to set the AC power status as a parameter, so that it can be che', 'arlobot_quaternion_test': 'iable with the data I am going to set the AC power status as a parameter, so that it can be che'}",,
REPO116,https://github.com/ros-industrial/universal_robot,universal_robot,Repositories,{'README': '//img.shields.io/:license-Apache%202.0-yellowgreen.svg)](https://opensource.org/licenses/Apache'},{},{},,
REPO117,https://bitbucket.org/_Luc_/hand_control,hand_control,Repositories,"{'README': 'he roof.\n* for a glove or a *colored* panel (green, blue, etc.), we generaly have :\n - `hue`'}",{},{},,
REPO118,https://github.com/tork-a/jog_control,jog_control,Repositories,{'README': '/input/`. Please note some joypad need to be powered on. (XBox\nwireless has a silver power butt'},{},{},,
REPO119,https://github.com/ethz-asl/cuckoo_time_translator,cuckoo_time_translator,Repositories,"{'README': 'et), such as the offset from the blue to the green points above.\nIn particular in the one way c'}",{},{},,
REPO120,https://github.com/OUXT-Polaris/robotx_packages,robotx_packages,Repositories,{'README': ' | 46104 w/ Green Cover | ADDED | green_totem |\n| Yellow Totem | 461'},{},{},,
REPO121,https://github.com/patrickelectric/bluerov_ros_playground,bluerov_ros_playground,Repositories,"{'README': 'eRov2/arm** - `std_msgs/Bool`\n - **/BlueRov2/battery** - `sensor_msgs/BatteryState`\n - **/BlueRov', 'topics_and_data': 'et_local"": {}\n },\n ""battery"": {\n ""power_supply_status"": 2,\n ""capacity"": ""nan"",\n'}",{},{},,
REPO122,https://github.com/Kinovarobotics/kinova-ros,kinova-ros,Repositories,{'README': 'o the left when facing the base panel (where power switch and cable socket locate).\n- +y axis i'},{},{},,
REPO123,https://github.com/berkeleyopenarms/blue_core,blue_core,Repositories,"{'README': 'r examples)\n\n- Proceed to setup the arm with power supply and USB adapter (""Electrical Setup"" i'}",{},{},,
REPO124,https://github.com/rapp-project/rapp-platform,rapp-platform,Repositories,{'README': 'gating is applied in the individual sample‚Äôs power when compared with the RMS value.\n\nService U'},{},"{'sphinx4_wrapper': 'ssing.rapp_audio_processing.AudioProcessing::energy_denoise# @brief Detect silence service clien', 'denoise_unit_tests': 'heck for the denoised file Check if denoised energy is lower than the initial one erase the deno', 'energy_denoise_unit_tests': 'heck for the denoised file Check if denoised energy is lower than the initial one erase the deno', 'rapp_energy_denoise': 'sardou@iti.gr# @class EnergyDenoise Performs energy denoising on an audio file# Performs energy-', 'rapp_audio_processing': 'ect_silence.DetectSilence# Instantiates rapp_energy_denoise.EnergyDenoise# Instantiates rapp_sox'}",,